sno,latitude,longitude,day_of_year,seconds_of_day
500101001,25.02605,121.5436,130,2956
500101002,25.02565,121.54357,130,17463
500101003,25.02429,121.54124,130,18302
500101004,25.02351,121.54282,130,21074
500101005,25.02153,121.54299,130,3782
500101006,25.02429,121.54328,130,18063
500101007,25.02253,121.54326,130,5462
500101008,25.02112,121.53407,130,7804
500101009,25.01976,121.53384,130,10804
500101010,25.01894,121.53361,130,18902
500101012,25.01986,121.52982,129,77403
500101013,25.02543,121.54332,130,21375
500101014,25.01717,121.53202,130,21796
500101015,25.02089,121.54697,129,85335
500101016,25.01927,121.52989,130,17295
500101018,25.01895,121.53156,130,16262
500101019,25.024461,121.546705,130,19322
500101020,25.02093,121.5331,306,13694
500101021,25.01385,121.53549,130,14175
500101022,25.01491,121.53438,130,14956
500101023,25.01244,121.53661,130,14055
500101024,25.01451,121.54142,130,4635
500101025,25.01295,121.53973,130,8342
500101026,25.01137,121.54062,130,3182
500101027,25.01182,121.54165,130,18242
500101028,25.01426,121.54382,130,16804
500101029,25.01234,121.54503,129,86056
500101030,25.0136,121.54656,130,19742
500101031,25.01537,121.54698,130,21796
500101032,25.01637,121.54535,130,17894
500101033,25.01664,121.5452,130,22037
500101034,25.01576,121.54291,130,1818
500101035,25.01787,121.5476,130,13022
500101036,25.02032,121.54497,130,974
500101037,25.02076,121.54432,130,9302
500101038,25.02101,121.54284,130,17702
500101039,25.02104,121.54081,130,12482
500101040,25.0222,121.53626,130,14822
500101041,25.02218,121.53474,130,2294
500101042,25.01727,121.54471,130,19742
500101091,25.022864,121.546622,130,10682
500101092,25.021641,121.54704,130,19442
500101093,25.021469,121.544069,129,82804
500101094,25.02193,121.53165,130,6375
500101095,25.0189,121.55013,130,19275
500101097,25.01856,121.55558,130,18781
500101098,25.01623,121.55037,130,4803
500101099,25.021,121.55211,130,17161
500101100,25.0181,121.55929,130,662
500101101,25.02397,121.55266,130,13022
500101102,25.02705,121.55551,130,9302
500101103,25.02694,121.55325,130,16321
500101104,25.02021,121.52942,130,4
500101105,25.02669,121.52529,130,4203
500101107,25.02638,121.52971,130,18063
500101108,25.02621,121.53171,130,18781
500101109,25.0266,121.52973,130,18063
500101110,25.0276,121.52217,130,19203
500101111,25.02715,121.52293,43,45556
500101113,25.02895,121.5379,130,9063
500101114,25.02657,121.53515,130,9004
500101115,25.02606,121.53738,130,18421
500101116,25.02984,121.53107,130,19322
500101117,25.03383,121.52815,58,3915
500101118,25.03519,121.5245,130,11404
500101119,25.03325,121.52436,130,17881
500101120,25.03164,121.52661,130,18902
500101122,25.0237,121.54899,129,79396
500101123,25.02215,121.54839,130,17463
500101124,25.02721,121.54988,130,15841
500101125,25.02952,121.55406,130,19561
500101126,25.02931,121.55721,130,17881
500101127,25.04177,121.53833,130,19561
500101128,25.04003,121.53299,130,18902
500101129,25.03753,121.53523,130,13622
500101130,25.03534,121.5354,130,21074
500101131,25.03701,121.54348,130,21494
500101132,25.03935,121.53828,129,82804
500101133,25.04035,121.5436,130,15002
500101134,25.0332,121.5439,130,18421
500101135,25.03358,121.54141,130,16262
500101136,25.03317,121.54639,130,9302
500101137,25.04092,121.54825,130,18004
500101138,25.03754,121.55285,130,18421
500101139,25.03333,121.54977,130,18842
500101140,25.03706,121.55166,130,15554
500101141,25.03304,121.55171,130,14582
500101142,25.04463,121.53665,130,17881
500101143,25.04448,121.53946,130,11522
500101144,25.03332,121.53435,130,17161
500101145,25.03318,121.55725,130,15002
500101146,25.03513,121.5561,130,15542
500101147,25.0391,121.5569,130,14536
500101148,25.03635,121.53833,130,19083
500101149,25.04091,121.53295,130,19561
500101150,25.04239,121.53324,130,17942
500101151,25.03126,121.54339,130,17402
500101152,25.04189,121.53376,130,15002
500101153,25.04201,121.54612,130,19742
500101154,25.04405,121.5486,130,19442
500101155,25.03336,121.5364,130,19322
500101156,25.0328,121.53746,130,8883
500101157,25.03569,121.5451,130,15903
500101158,25.03473,121.54767,130,10682
500101159,25.04253,121.54407,130,13982
500101160,25.04153,121.5524,130,19454
500101161,25.04159,121.54937,130,19561
500101162,25.04427,121.55291,130,18242
500101163,25.02979,121.54053,130,16682
500101165,25.0277,121.55132,130,16923
500101166,25.02472,121.54417,130,662
500101167,25.04122,121.55745,130,18601
500101168,25.03756,121.54587,130,7095
500101169,25.03305,121.55378,130,19442
500101170,25.02681,121.54668,130,15181
500101171,25.03748,121.55564,130,19742
500101172,25.03331,121.55265,130,18842
500101173,25.0287,121.54904,130,10204
500101174,25.02861,121.54336,130,19742
500101175,25.02575,121.5377,130,4082
500101176,25.01223,121.54788,130,1336
500101177,25.04311,121.54313,130,18302
500101179,25.03363,121.52962,130,12482
500101180,25.03597,121.54693,130,19442
500101181,25.01551,121.53374,130,15616
500101182,25.04196,121.53653,130,10804
500101184,25.01744,121.53334,130,8461
500101185,25.02267,121.5341,130,15242
500101186,25.03479,121.54376,130,20954
500101187,25.01783,121.55224,130,9302
500101188,25.01727,121.54904,129,52203
500101189,25.02039,121.54853,130,13022
500101190,25.02347,121.54108,130,16742
500101191,25.02054,121.54561,129,85803
500101192,25.02444,121.54908,130,13622
500101193,25.01705,121.54435,130,15181
500101194,25.03762,121.55009,130,2774
500101196,25.04464,121.54944,130,12004
500101197,25.04172,121.54541,130,19994
500101198,25.04472,121.54401,130,19515
500101199,25.02604,121.534,130,18496
500101200,25.02535,121.55101,130,17822
500101201,25.03333,121.53968,130,18542
500101202,25.03715,121.54936,130,4803
500101203,25.02709,121.54902,130,18781
500101204,25.0371,121.54839,130,18374
500101205,25.02821,121.54864,130,19083
500101206,25.03328,121.5425,130,15002
500101207,25.02055,121.52855,130,17343
500101208,25.03459,121.55164,130,18302
500101209,25.02101,121.54153,130,4082
500101210,25.03002,121.54893,130,10743
500101211,25.03054,121.52466,130,13382
500101212,25.04205,121.55657,130,22037
500101213,25.0401,121.54122,130,3722
500101214,25.03827,121.54802,130,15255
500101215,25.02974,121.55146,130,10804
500101216,25.02268,121.53608,130,4
500101217,25.03303,121.54372,130,3182
500101218,25.02832,121.55592,130,18421
500101219,25.01027,121.53998,129,81004
500101221,25.04132,121.55393,130,17822
500101222,25.03795,121.55466,130,17463
500101223,25.02528,121.55224,130,18601
500101224,25.02208,121.52678,130,4082
500101225,25.03551,121.54951,130,541
500101226,25.02942,121.55294,130,18781
500101227,25.04061,121.54389,130,14582
500101228,25.03813,121.54631,130,16804
500101229,25.02476,121.52803,130,20654
500101230,25.03056,121.55252,130,19083
500101231,25.02014,121.55084,129,83403
500101232,25.02572,121.52359,130,13682
500101233,25.04152,121.54414,130,18676
500101234,25.02468,121.53965,130,13262
500101235,25.03601,121.55742,130,15242
500101236,25.0187,121.55688,130,18362
500101237,25.03817,121.544,130,19561
500101238,25.03804,121.55042,130,14762
500101239,25.02187,121.52912,130,18134
500101240,25.02263,121.53906,130,7682
500101241,25.03276,121.54907,130,15002
500101242,25.01883,121.5544,130,12782
500101243,25.04159,121.5378,130,19442
500101244,25.02324,121.52618,130,15374
500101245,25.01524,121.55121,129,49203
500101246,25.04157,121.5402,130,13202
500101247,25.04173,121.54412,130,18781
500101248,25.02634,121.53342,130,10622
500101250,25.02305,121.54394,130,15242
500101251,25.04199,121.54362,130,17402
500101252,25.03076,121.52781,130,6781
500101253,25.03117,121.54602,130,11282
500101254,25.03626,121.53997,130,19442
500101256,25.02196,121.54899,129,68235
500101257,25.0305,121.54184,130,4803
500101258,25.02878,121.53412,130,16923
500101259,25.02462,121.53347,130,6074
500103001,25.07894,121.51121,130,15315
500103002,25.0741,121.51349,130,18781
500103003,25.07717,121.50934,129,70335
500103004,25.06864,121.5107,130,22154
500103005,25.07158,121.51368,130,3003
500103006,25.06647,121.5165,130,11522
500103007,25.05601,121.50895,130,19742
500103008,25.07378,121.51583,130,16804
500103009,25.07133,121.52024,130,18601
500103010,25.0722,121.51057,130,15002
500103011,25.07567,121.51862,129,65775
500103012,25.07598,121.51409,130,19083
500103013,25.07447,121.52003,130,16742
500103019,25.06326,121.51099,130,13382
500103020,25.06327,121.50943,130,16203
500103021,25.05915,121.51033,130,19322
500103022,25.06853,121.51729,130,17582
500103023,25.0708,121.51826,130,19742
500103024,25.06314,121.51308,130,12482
500103025,25.06325,121.51162,129,84004
500103026,25.06174,121.51969,129,81004
500103027,25.05826,121.52063,130,15604
500103028,25.04991,121.5104,130,18362
500103029,25.05592,121.51367,130,3722
500103030,25.05454,121.51052,130,18004
500103031,25.07049,121.51596,130,20775
500103032,25.06054,121.51338,129,67635
500103033,25.06867,121.51993,130,17582
500103034,25.05369,121.51418,130,10622
500103035,25.06853,121.51359,130,19742
500103036,25.06407,121.51822,130,21494
500103037,25.04925,121.51468,130,19442
500103038,25.06594,121.51078,130,17402
500103039,25.05205,121.50818,129,83403
500103040,25.06011,121.51729,130,18302
500103041,25.07491,121.5115,130,13982
500103042,25.06496,121.51608,130,18542
500103043,25.05918,121.51373,130,662
500103044,25.05662,121.50783,130,12122
500103045,25.05805,121.51353,130,13202
500103046,25.06322,121.5144,130,10804
500103047,25.06247,121.51839,130,19203
500103048,25.05366,121.51638,130,19561
500103049,25.05756,121.51828,130,19442
500103050,25.05646,121.51698,130,18004
500103051,25.04937,121.51914,130,19742
500103052,25.06129,121.52021,130,13682
500103053,25.05296,121.51938,130,19322
500103054,25.0515,121.51398,130,19083
500103055,25.06587,121.51847,130,19561
500103056,25.05658,121.50826,129,86117
500103057,25.07182,121.51929,48,30017
500103058,25.06669,121.51615,130,19322
500103059,25.04879,121.51626,130,19742
500103060,25.06036,121.51996,130,18362
500103061,25.06157,121.51683,130,3003
500103062,25.06095,121.51428,130,4203
500103063,25.06092,121.51126,130,18242
500103064,25.06603,121.51481,130,16742
500103065,25.07473,121.51451,130,19442
500103066,25.05348,121.50855,129,76695
500103068,25.07563,121.51815,130,18302
500103069,25.06289,121.51544,130,13622
500103070,25.06997,121.51388,130,19742
500103071,25.05621,121.51847,130,18421
500103072,25.07194,121.51626,129,85203
500103073,25.06864,121.51559,130,18781
500103074,25.07477,121.51977,130,19203
500103075,25.05044,121.50766,128,49804
500103076,25.04888,121.50745,130,11642
500103078,25.07576,121.52011,130,3782
500104001,25.08128,121.51784,129,73755
500104002,25.08914,121.51542,130,603
500104003,25.08695,121.51901,130,17881
500104004,25.08521,121.51918,130,18362
500104005,25.10277,121.53357,130,4982
500104006,25.12011,121.53357,130,13262
500104007,25.11856,121.52964,130,9363
500104008,25.11633,121.53414,130,603
500104009,25.11356,121.53718,130,19825
500104010,25.11127,121.53244,130,18601
500104012,25.11341,121.53195,130,12004
500104013,25.12011,121.52652,129,80475
500104014,25.11184,121.52589,130,19561
500104015,25.08009,121.51895,130,13382
500104016,25.07994,121.52426,129,85996
500104018,25.10813,121.5304,130,13803
500104019,25.1054,121.5295,130,5161
500104020,25.10399,121.52593,130,662
500104021,25.10155,121.52832,130,541
500104022,25.10186,121.53083,129,86354
500104023,25.08302,121.52069,130,16321
500104024,25.08671,121.52096,130,16923
500104025,25.08828,121.51985,130,12435
500104026,25.0848,121.52125,130,13622
500104027,25.08736,121.52272,130,8342
500104028,25.10364,121.52219,130,3617
500104029,25.10208,121.51979,130,12782
500104030,25.08388,121.52535,130,19442
500104031,25.08403,121.5249,130,19742
500104032,25.09667,121.53206,104,19455
500104033,25.09896,121.53025,130,18302
500104034,25.09651,121.52753,130,13382
500104035,25.08911,121.52154,130,18781
500104036,25.09164,121.51706,130,19442
500104037,25.09631,121.51449,129,84495
500104038,25.09598,121.51776,129,60316
500104039,25.09619,121.5223,130,18902
500104040,25.09419,121.52833,130,17463
500104041,25.09343,121.52642,130,17402
500104042,25.08771,121.52677,130,18902
500104043,25.09435,121.51702,129,82454
500104044,25.10991,121.53039,129,83403
500104045,25.10455,121.53195,129,65235
500104046,25.10225,121.52286,130,3854
500104047,25.10143,121.53585,130,13622
500104048,25.10113,121.55159,130,19083
500104049,25.09106,121.51502,130,17222
500104050,25.09755,121.54036,129,68715
500104051,25.08678,121.50948,130,19083
500104052,25.08505,121.51166,128,79622
500104053,25.08393,121.51169,130,1805
500104054,25.08254,121.5075,130,15915
500104055,25.10459,121.52417,130,9363
500104056,25.08824,121.51054,130,19561
500104057,25.09058,121.50142,306,13755
500104058,25.09346,121.50376,129,81004
500104059,25.10641,121.52944,130,3782
500104060,25.0902,121.50622,130,15841
500104061,25.09833,121.54788,130,1204
500104062,25.09763,121.53402,130,5222
500104063,25.09312,121.51419,128,85082
500104064,25.08279,121.51219,130,19203
500104065,25.10893,121.46639,130,10622
500104066,25.10304,121.48297,129,81004
500104067,25.1064,121.4836,129,72197
500104068,25.11314,121.48974,129,70637
500104069,25.10261,121.48819,129,40203
500104070,25.09669,121.49706,129,85203
500104071,25.10696,121.53234,130,6556
500104072,25.11044,121.53595,130,18496
500104073,25.08899,121.51751,130,18123
500104074,25.10775,121.52312,130,16923
500104075,25.0933,121.51962,130,19322
500104076,25.09609,121.53006,130,7204
500104077,25.09709,121.54229,129,84004
500104078,25.08217,121.51074,130,7804
500104079,25.11306,121.53945,130,18601
500104080,25.08887,121.50314,129,69075
500104081,25.10012,121.53253,130,17222
500104082,25.08019,121.5202,130,19083
500104083,25.10455,121.53025,130,9063
500104084,25.10199,121.52927,130,5894
500104085,25.09812,121.52449,130,19561
500104086,25.12408,121.53003,130,12482
500104087,25.08637,121.5247,130,18421
500104088,25.10094,121.52243,130,17161
500104089,25.0796,121.5237,130,6302
500104090,25.09029,121.50189,129,69618
500104091,25.08577,121.52531,130,18902
500104092,25.1107,121.53999,130,8461
500104094,25.08756,121.51177,130,5041
500104095,25.08406,121.5067,130,6242
500104096,25.0881,121.50873,130,17702
500104097,25.08912,121.5049,130,19322
500104098,25.0841,121.52341,130,9063
500104099,25.08761,121.52608,130,13382
500104100,25.08408,121.50959,130,14281
500104101,25.08471,121.5089,129,74595
500104102,25.11742,121.53472,129,84603
500104103,25.10203,121.52561,130,17881
500104104,25.10585,121.52376,130,19095
500104105,25.08238,121.52309,130,6604
500104106,25.09765,121.52757,130,16636
500104107,25.09561,121.52552,130,18362
500104108,25.10336,121.52263,130,13202
500104109,25.08762,121.52711,130,13982
500104110,25.08036,121.5084,129,85935
500104111,25.09013,121.52054,130,315
500104112,25.08182,121.52431,130,12482
500104113,25.11247,121.52914,130,17702
500104114,25.09677,121.51931,130,3182
500104115,25.11642,121.53743,130,675
500104116,25.11579,121.53113,130,17702
500104117,25.09886,121.51835,130,18781
500104118,25.09646,121.49358,130,4
500104119,25.10566,121.52922,130,3137
500104120,25.10519,121.52869,130,4203
500104121,25.09204,121.52472,130,10323
500104122,25.09762,121.51321,130,7204
500104123,25.07793,121.52357,130,7682
500104124,25.11836,121.53466,130,18242
500104125,25.11633,121.53295,129,85803
500104126,25.10893,121.52319,129,85095
500104128,25.10985,121.52859,130,14294
500104129,25.09441,121.53285,129,8103
500104130,25.09601,121.53262,129,81604
500104131,25.0848,121.51253,129,72854
500104132,25.07892,121.52157,130,16203
500104133,25.09854,121.53528,130,9302
500104134,25.09064,121.52765,130,10383
500104135,25.11576,121.52693,129,70803
500104136,25.08248,121.52548,130,18362
500104137,25.09862,121.53749,129,82202
500105001,25.00402,121.54074,130,17161
500105002,25.0027,121.53861,130,13982
500105003,25.00115,121.53916,130,5404
500105004,25.00154,121.5364,130,18902
500105005,25.00144,121.53983,130,6315
500105006,24.99621,121.54043,130,19203
500105007,24.99366,121.54124,130,20237
500105008,24.99898,121.5403,130,17942
500105009,24.998336212959,121.53686287812,130,18977
500105010,25.00587,121.55012,130,1204
500105011,25.00465,121.54916,130,15604
500105012,25.00346,121.54709,129,86176
500105013,25.00219,121.54454,129,85803
500105014,24.99136,121.54008,130,18123
500105015,25.00792,121.53731,130,3182
500105016,24.99543,121.54725,130,17463
500105017,24.99118,121.5436,130,2054
500105018,24.98737,121.57726,130,15242
500105019,24.99873,121.57985,130,19561
500105020,24.99798,121.57455,130,3782
500105021,24.99886,121.56769,129,69675
500105022,24.99676,121.5596,130,1805
500105023,25.00467,121.55684,130,4442
500105024,24.99982,121.54761,130,12122
500105025,24.98816,121.55528,129,50404
500105026,24.98747,121.54984,130,19561
500105027,24.98573,121.54532,130,1394
500105028,24.98859,121.54336,130,3182
500105029,24.97837,121.55548,130,8461
500105030,24.98058,121.55624,130,15302
500105031,24.98414,121.56907,130,17343
500105032,24.98471,121.56332,130,15616
500105033,24.98574,121.56745,130,19442
500105034,24.97619,121.5583,130,19561
500105035,24.98959,121.56959,130,17402
500105036,24.98718,121.56059,130,10263
500105037,24.98814,121.56356,130,19442
500105038,24.98088,121.56313,130,7982
500105039,24.98181,121.56567,130,21194
500105040,24.98301,121.55404,129,61636
500105041,24.98537,121.57959,130,21737
500105042,24.98642,121.56514,126,69494
500105043,24.98935,121.56651,130,6135
500105044,24.99151,121.56836,129,52802
500105045,24.99111,121.56703,129,25803
500105046,24.97989,121.56753,129,84004
500105047,24.99889,121.5433,130,3317
500105048,24.99939,121.55848,130,1204
500105049,24.99579,121.55498,129,84316
500105050,25.00348,121.55642,130,11404
500105051,25.00079,121.57534,130,18004
500105053,24.99797,121.54982,129,69675
500105054,24.98543,121.58006,130,5041
500105055,25.00115,121.55142,130,19561
500105056,24.99271,121.55865,129,8642
500105057,24.99472,121.55949,129,52635
500105058,24.98695,121.56456,127,49204
500105059,24.98662,121.57071,130,18902
500105060,24.98339,121.55645,129,82202
500105061,25.00753,121.53719,130,18302
500105062,24.99766,121.57875,306,13755
500105063,24.982,121.5717,130,16262
500105064,25.00264,121.5768,129,56403
500105066,25.01076,121.53637,130,19442
500105067,25.00345,121.53636,130,18601
500105068,24.99609,121.54284,130,1576
500105069,24.9966,121.5403,130,19561
500105070,25.00825,121.53419,130,19083
500105071,24.99279,121.54255,130,17702
500105072,24.98939,121.57682,130,541
500105073,25.00743,121.55877,130,19442
500105074,24.99696,121.54454,130,3374
500105075,24.98768,121.56565,130,18362
500105076,24.98944,121.56195,130,8642
500105077,24.98808,121.54723,130,19322
500105079,24.9825,121.55949,130,19203
500105080,25.00223,121.57039,130,17702
500105081,25.00198,121.54856,130,18123
500105082,24.99197,121.57371,130,662
500105083,24.98532,121.55831,130,13214
500105084,24.98655,121.5552,129,21722
500105085,24.98217,121.55782,130,16321
500105086,25.00268,121.55277,129,82096
500105087,24.99925,121.55553,130,16682
500105088,24.97932,121.55406,129,83403
500105089,24.99892,121.54887,130,11716
500105090,24.99509,121.57199,130,17343
500105091,25.00437,121.55048,130,5041
500105092,24.98839,121.55238,130,13938
500105093,25.00492,121.55582,129,82817
500105094,25.00061,121.54941,130,5161
500105095,24.99746,121.54543,130,11943
500105096,24.98184,121.56125,129,73337
500105097,24.99438,121.54376,129,44236
500105098,24.99442,121.53844,130,12004
500105100,24.9884,121.57786,129,82817
500105101,24.9983,121.57279,130,1204
500105102,24.98981,121.54783,130,12856
500105103,24.98783,121.55831,129,19922
500105104,25.00516,121.56757,129,41655
500105106,24.98994,121.57513,130,1204
500105107,25.00335,121.5655,128,40817
500105108,24.9893,121.53976,130,17463
500105109,24.98826,121.54065,130,18004
500105110,24.98327,121.56515,130,17822
500105111,24.98505,121.54953,130,3782
500105112,24.99715,121.56179,129,40203
500105113,24.98703,121.54884,130,3182
500105114,24.98686,121.56301,129,56655
500106001,25.013741,121.53068,130,21915
500106002,25.014697,121.531908,130,13682
500106003,25.014529,121.534374,130,19515
500106004,25.015069,121.533828,130,16382
500106005,25.02694,121.52224,130,17881
500106006,25.0255,121.52346,130,10682
500106007,25.0197,121.529,130,19442
500106008,25.02069,121.52456,130,5342
500106009,25.02277,121.52289,130,1204
500106010,25.02092,121.52049,129,83475
500106011,25.02075,121.52771,130,18123
500106012,25.02102,121.52751,130,18123
500106013,25.02345,121.52498,130,17582
500106014,25.02338,121.51889,130,19203
500106015,25.02701,121.52164,130,13803
500106016,25.02805,121.52155,130,675
500106017,25.02698,121.52081,130,3722
500106018,25.02723,121.51659,130,18842
500106019,25.02933,121.51854,129,84603
500106020,25.02923,121.52058,130,5222
500106021,25.031,121.52211,130,17881
500106022,25.03239,121.51866,130,3722
500106023,25.03376,121.51772,130,21375
500106025,25.02609,121.51389,130,7277
500106026,25.02543,121.51052,130,18842
500106027,25.02643,121.50936,130,12004
500106028,25.02598,121.50806,130,9063
500106029,25.02886,121.50518,130,17942
500106030,25.03024,121.50904,129,81854
500106031,25.03132,121.50745,129,56403
500106037,25.01602,121.52565,130,17222
500106038,25.03543,121.50834,130,3182
500106039,25.03567,121.51006,130,13682
500106040,25.03907,121.5138,129,85803
500106041,25.03938,121.50772,130,16096
500106042,25.04367,121.52849,130,14822
500106043,25.04527,121.5222,130,18302
500106044,25.04193,121.52459,130,6781
500106046,25.03915,121.52163,130,8281
500106047,25.03786,121.51985,130,7764
500106048,25.0357,121.5241,130,18242
500106049,25.04428,121.52336,130,3374
500106050,25.03648,121.50951,130,662
500106051,25.03792,121.50846,130,5117
500106052,25.0416,121.50842,130,19754
500106053,25.04129,121.5112,130,5536
500106054,25.03705,121.51249,129,82156
500106055,25.03545,121.51327,130,16682
500106056,25.03763,121.51709,130,18242
500106057,25.0459,121.53068,130,19322
500106058,25.03516,121.50641,130,18421
500106059,25.04412,121.51025,130,11175
500106060,25.04533,121.50944,130,16203
500106061,25.04677,121.50989,130,21375
500106062,25.04297,121.51643,130,18601
500106063,25.01027,121.5331,130,18063
500106064,25.0203,121.52302,129,85203
500106065,25.04178,121.51907,130,8404
500106066,25.03377,121.53041,130,18781
500106067,25.04842,121.51994,130,19742
500106068,25.03132,121.50519,130,15302
500106069,25.04235,121.53222,130,17582
500106070,25.04478,121.53274,130,15302
500106071,25.04503,121.51968,130,14762
500106072,25.03526,121.5168,130,18601
500106073,25.04553,121.52736,129,81604
500106074,25.02266,121.52362,130,18063
500106075,25.03443,121.52721,130,17222
500106077,25.04094,121.52215,130,18063
500106078,25.04023,121.52565,130,19561
500106079,25.03615,121.5166,129,84603
500106080,25.04821,121.51903,130,20416
500106083,25.04779,121.52042,130,19322
500106084,25.04244,121.50864,130,17942
500106085,25.03828,121.51524,130,3782
500106086,25.0385,121.51288,129,82876
500106087,25.01808,121.5275,129,82202
500106088,25.04051,121.52401,130,10682
500106089,25.03145,121.51941,130,16682
500106090,25.01328,121.53004,130,10804
500106091,25.03895,121.52233,130,4
500106092,25.04178,121.50869,130,18542
500106093,25.0384,121.52801,130,12122
500106094,25.03746,121.52799,130,19322
500106095,25.03846,121.52497,129,67635
500106096,25.02815,121.51108,130,11522
500106097,25.0299,121.51033,130,15841
500106098,25.03158,121.51464,130,16382
500106099,25.04659,121.52377,130,15315
500106100,25.04597,121.52579,129,81016
500106101,25.04692,121.52208,130,14281
500106102,25.04272,121.53207,130,9302
500106103,25.04113,121.53273,130,4454
500106104,25.04074,121.51586,130,12902
500106105,25.04461,121.5188,130,19742
500106106,25.0425,121.5227,130,7204
500106107,25.03837,121.52345,129,55203
500106108,25.02703,121.50686,130,17881
500106109,25.03371,121.51068,130,19322
500106110,25.04467,121.52357,130,15242
500106111,25.03788,121.51904,129,82817
500106112,25.04724,121.51272,130,15841
500106113,25.04127,121.52697,130,18302
500106114,25.03811,121.52855,130,8342
500106115,25.04148,121.5287,130,13202
500106116,25.02507,121.51645,130,17822
500106117,25.03898,121.53058,130,13022
500106118,25.03212,121.51861,130,18362
500106119,25.02484,121.51973,130,10682
500106120,25.02682,121.51737,130,8404
500106121,25.02965,121.51415,130,4082
500106122,25.0289,121.5097,129,62115
500106123,25.03796,121.53261,130,19742
500106124,25.04032,121.53141,130,19561
500106125,25.0275,121.51013,129,69255
500106126,25.04418,121.52552,130,17942
500106127,25.04281,121.52629,130,4203
500106128,25.02542,121.51233,130,6302
500106129,25.02757,121.50771,130,4
500106130,25.0255,121.52067,129,62418
500106131,25.03862,121.52385,129,77403
500106132,25.03896,121.51093,130,8281
500106133,25.03351,121.5156,129,68535
500106134,25.03008,121.50768,130,19742
500106135,25.01346,121.5355,130,9004
500106136,25.01193,121.52861,130,17942
500106138,25.0426,121.53006,129,82804
500107001,25.08251,121.54004,130,17343
500107002,25.07805,121.5295,130,18374
500107003,25.0803,121.56251,129,74475
500107004,25.08524,121.53748,129,46395
500107005,25.08258,121.54462,130,19322
500107006,25.08009,121.55226,130,17942
500107007,25.08474,121.54968,130,19083
500107008,25.084751813542,121.555090270105,130,22515
500107009,25.07985,121.55609,130,9782
500107010,25.07976,121.55813,130,18781
500107011,25.07923,121.5473,129,86176
500107012,25.04585,121.54375,130,19203
500107013,25.05176,121.54217,130,15903
500107014,25.04833,121.53469,130,14355
500107015,25.04861,121.52935,130,17702
500107016,25.04796,121.52439,79,26476
500107017,25.05194,121.52766,130,18842
500107018,25.05316,121.53146,129,81796
500107019,25.05025,121.53273,130,15781
500107020,25.05639,121.52752,130,4982
500107021,25.06642,121.53735,130,14404
500107022,25.05778,121.53692,130,19203
500107023,25.05606,121.54175,130,18781
500107024,25.06106,121.54406,130,18362
500107025,25.06045,121.54077,130,19203
500107026,25.05469,121.53686,130,10383
500107027,25.05214,121.5368,130,14762
500107028,25.05246,121.5332,130,16923
500107029,25.04762,121.54043,130,17894
500107030,25.05604,121.53166,130,3182
500107031,25.0471,121.5277,130,11282
500107032,25.04699,121.53735,129,64456
500107033,25.0614,121.53929,130,18601
500107034,25.06225,121.54107,130,17942
500107035,25.06246,121.52705,130,14523
500107036,25.05992,121.5333,130,19742
500107037,25.06531,121.52565,130,19561
500107038,25.06283,121.52697,130,18123
500107039,25.06491,121.52449,130,8642
500107040,25.06652,121.52762,130,16804
500107041,25.06847,121.52559,130,18842
500107042,25.06987,121.52291,130,15181
500107043,25.06816,121.52265,130,8404
500107044,25.04983,121.52853,130,19322
500107045,25.05201,121.52556,130,21375
500107046,25.05337,121.5289,129,86056
500107047,25.05583,121.52821,130,1805
500107048,25.06682,121.54213,130,16682
500107049,25.06505,121.54366,129,83403
500107050,25.06424,121.54037,130,18902
500107051,25.06251,121.53765,130,4082
500107052,25.06585,121.53338,129,82202
500107053,25.06533,121.53177,130,15302
500107054,25.06595,121.53041,130,13022
500107055,25.06833,121.5328,130,18242
500107056,25.07154,121.53058,130,18842
500107057,25.06185,121.5226,90,23654
500107058,25.04573,121.53508,130,17702
500107059,25.05228,121.52176,130,15604
500107060,25.06416,121.52203,130,20114
500107061,25.06839,121.53032,129,85203
500107062,25.05867,121.53305,130,18242
500107063,25.05497,121.52536,130,18302
500107064,25.06503,121.53678,130,1204
500107065,25.04985,121.53312,130,4982
500107066,25.04836,121.53669,130,9302
500107067,25.04611,121.53193,130,18063
500107068,25.06269,121.53061,130,18302
500107069,25.0651,121.5224,130,18842
500107070,25.05575,121.52168,130,17161
500107071,25.0568,121.53191,129,40203
500107072,25.05731,121.53021,130,11522
500107074,25.05808,121.52887,130,18542
500107075,25.05794,121.54244,130,3722
500107076,25.06028,121.52991,130,16804
500107077,25.05606,121.5229,26,59595
500107078,25.05873,121.52488,130,19322
500107079,25.05955,121.52744,130,11943
500107080,25.0734,121.53985,130,21194
500107081,25.07275,121.5373,130,19203
500107082,25.06807,121.53673,130,19442
500107083,25.05619,121.53949,130,18302
500107084,25.06597,121.54117,130,3604
500107085,25.06142,121.52305,130,20654
500107086,25.08303,121.5604,130,20775
500107087,25.06157,121.52439,130,19083
500107088,25.05189,121.53517,130,17161
500107089,25.05205,121.54012,130,19203
500107090,25.06389,121.51916,130,11282
500107091,25.08152,121.54646,130,19742
500107092,25.0801,121.54708,130,19561
500107093,25.0512,121.53312,130,19742
500107095,25.07864,121.55557,129,77403
500107096,25.05791,121.53114,130,8342
500107097,25.05765,121.53299,130,21854
500107098,25.05277,121.53013,130,315
500107099,25.05481,121.53032,130,10743
500107100,25.05488,121.53142,130,21375
500107101,25.05215,121.53276,130,7682
500107102,25.05215,121.53171,130,7682
500107103,25.05499,121.53295,130,18902
500107104,25.07802,121.53511,130,18123
500107105,25.06873,121.52003,130,9244
500107106,25.06493,121.52778,130,10622
500107107,25.06532,121.52848,130,18902
500107108,25.07934,121.54671,130,19322
500107109,25.07983,121.55236,130,12122
500107110,25.06245,121.53043,130,17161
500107111,25.05473,121.54026,130,6781
500107112,25.06305,121.52776,130,12482
500107113,25.05476,121.53693,130,21074
500107114,25.06432,121.53349,130,18781
500107115,25.07063,121.52327,130,15302
500107116,25.08476,121.53789,130,13982
500107117,25.07818,121.56175,129,81604
500107118,25.05223,121.52581,130,13022
500107119,25.07825,121.55337,129,72375
500107120,25.05339,121.5401,130,13394
500107121,25.06819,121.52767,130,8281
500107122,25.05253,121.54256,130,9244
500107123,25.04478,121.53661,130,15841
500107124,25.05004,121.54043,130,18842
500107125,25.08431,121.54755,129,84603
500107126,25.05196,121.5433,130,13214
500107127,25.06228,121.53702,130,19203
500107128,25.06688,121.5257,130,19742
500107129,25.07059,121.52812,130,662
500107130,25.04699,121.53075,130,4803
500107131,25.05532,121.52769,130,17343
500107132,25.08519,121.55498,130,3195
500107133,25.08272,121.55624,80,39794
500107134,25.05427,121.53896,130,19515
500107135,25.05418,121.54332,130,7682
500107136,25.06419,121.53732,130,19203
500107137,25.05676,121.52268,130,18123
500107138,25.0448,121.54213,129,84603
500107139,25.04812,121.52166,130,12722
500107140,25.05236,121.52212,130,9302
500107141,25.05959,121.53682,130,7982
500107142,25.04919,121.54198,130,19442
500107143,25.04992,121.54379,130,19083
500107144,25.06037,121.53283,130,19322
500107145,25.06617,121.53526,129,39002
500107146,25.04808,121.52898,130,21375
500107147,25.05366,121.53282,130,4
500107149,25.07965,121.54148,130,6242
500107150,25.06246,121.54323,130,19203
500107151,25.05484,121.53521,130,4082
500107152,25.04634,121.53979,129,81004
500107153,25.08578,121.55225,129,73936
500107154,25.05126,121.53845,130,19203
500107155,25.08044,121.56152,130,10383
500107156,25.06493,121.53034,130,13034
500107157,25.07986,121.56152,130,12604
500107158,25.07734,121.5631,130,12604
500107159,25.06292,121.52299,130,18902
500107160,25.06409,121.54415,130,19742
500107161,25.04819,121.53282,130,19742
500107162,25.05018,121.53008,130,17402
500107163,25.05007,121.52107,130,15242
500107164,25.05767,121.52097,130,13262
500107165,25.05234,121.53003,130,11943
500107166,25.06339,121.54116,130,3317
500107167,25.08444,121.55657,130,6242
500107168,25.05181,121.53146,130,9004
500107169,25.07756,121.54556,129,47404
500107170,25.06596,121.54259,130,16742
500107171,25.04841,121.53889,130,4
500107172,25.0554,121.53908,130,18601
500107173,25.05381,121.52674,130,3182
500107174,25.05377,121.52456,130,19561
500107175,25.06671,121.52257,130,13202
500107176,25.06411,121.52446,130,18902
500107177,25.04628,121.53304,130,16923
500107178,25.05777,121.53951,130,3782
500107179,25.07241,121.55117,128,83403
500107180,25.08462,121.56016,129,77403
500107181,25.07913,121.54422,130,2294
500107182,25.05751,121.54215,130,12004
500107183,25.05623,121.53296,129,74715
500107184,25.06058,121.54236,130,4
500107185,25.05474,121.5383,130,21435
500108001,25.09122,121.55961,130,10682
500108002,25.08378,121.56208,129,57002
500108003,25.07977,121.56454,129,64636
500108004,25.08284,121.56449,130,17702
500108005,25.08637,121.56088,130,19322
500108006,25.08707,121.56406,130,7804
500108007,25.08637,121.56574,130,17343
500108008,25.0826,121.57158,129,59655
500108009,25.08398,121.57725,130,15302
500108010,25.08522,121.57462,130,19561
500108011,25.08803,121.59958,130,19275
500108012,25.07021,121.61593,121,38415
500108013,25.07177,121.61491,129,52802
500108014,25.0745,121.57389,129,76337
500108015,25.07524,121.5772,130,2175
500108016,25.08395,121.60185,130,16742
500108018,25.07958,121.59336,129,71115
500108019,25.07864,121.59177,130,13982
500108020,25.08301,121.56638,130,7035
500108021,25.08205,121.56716,130,18781
500108022,25.07932,121.56869,129,83403
500108023,25.08296,121.5752,130,18842
500108024,25.08598,121.572,130,6781
500108025,25.08436,121.59478,130,17463
500108026,25.0878,121.59227,130,14523
500108027,25.08785,121.5879,129,84603
500108028,25.07842,121.58464,130,6003
500108029,25.07695,121.58764,129,67155
500108030,25.07504,121.58375,129,82202
500108031,25.07758,121.58381,130,13382
500108032,25.07777,121.57961,130,1805
500108033,25.07538,121.58079,130,9063
500108034,25.05575,121.58486,129,84004
500108035,25.0559,121.57991,130,4
500108036,25.05768,121.58159,129,36434
500108037,25.05653,121.58345,130,17235
500108038,25.0539,121.58084,130,8642
500108039,25.06915,121.58898,129,25803
500108040,25.07007,121.62055,130,3438
500108041,25.06181,121.59447,130,6604
500108043,25.06256,121.58607,129,84004
500108044,25.05827,121.58707,129,70803
500108045,25.06058,121.5911,129,49203
500108046,25.06835,121.58323,130,17881
500108047,25.07335,121.57951,130,14523
500108048,25.06853,121.57813,129,48002
500108049,25.06709,121.58002,129,66375
500108050,25.06286,121.57497,130,3782
500108051,25.05594,121.57865,129,25803
500108052,25.05301,121.57592,129,25204
500108054,25.07151,121.58991,130,4203
500108055,25.06877,121.59265,130,18421
500108056,25.0674,121.59749,129,50404
500108057,25.07249,121.60796,130,6302
500108058,25.07332,121.60223,130,17222
500108059,25.0733,121.59834,129,67455
500108060,25.07988,121.58287,130,17402
500108061,25.08317,121.58109,130,12782
500108062,25.08357,121.58534,130,4755
500108063,25.08165,121.58891,130,14822
500108064,25.0835,121.59454,130,13022
500108065,25.07896,121.59921,129,24002
500108066,25.07792,121.59354,129,77403
500108067,25.06657,121.6136,130,19083
500108068,25.07669,121.61709,130,19442
500108069,25.08722,121.62306,129,50654
500108070,25.07967,121.57584,130,19203
500108071,25.07334,121.61962,130,18542
500108072,25.06261,121.59334,129,69018
500108073,25.06209,121.60347,130,9782
500108074,25.06927,121.61019,130,10204
500108075,25.0716,121.60936,130,14894
500108076,25.05707,121.57658,129,84603
500108077,25.05503,121.57823,130,11282
500108078,25.06516,121.59561,129,57002
500108079,25.06708,121.60059,129,25321
500108081,25.06854,121.61532,130,11642
500108082,25.08373,121.59406,130,17942
500108083,25.07611,121.57487,130,15903
500108084,25.07296,121.57603,130,18242
500108085,25.08554,121.59076,130,19742
500108086,25.07943,121.59544,130,11943
500108087,25.07567,121.6118,129,5041
500108088,25.07415,121.61075,130,9782
500108089,25.07514,121.60857,129,82804
500108090,25.05892,121.57354,130,3722
500108091,25.06682,121.5907,129,55203
500108092,25.05876,121.58062,130,18601
500108093,25.06455,121.58262,129,75618
500108094,25.08105,121.59205,130,662
500108095,25.08151,121.59764,130,17402
500108096,25.06851,121.59559,130,17161
500108097,25.06434,121.59399,128,75076
500108098,25.07848,121.57493,130,4337
500108099,25.08844,121.56122,130,14881
500108100,25.08454,121.584,112,41215
500108102,25.0606,121.58286,129,73695
500108103,25.06017,121.57552,129,74775
500108104,25.06007,121.60138,129,42004
500108105,25.07433,121.58584,130,4803
500108106,25.05928,121.58617,129,52802
500108107,25.08503,121.5637,130,4203
500108108,25.06935,121.58692,129,77054
500108109,25.07168,121.58125,130,721
500108110,25.06664,121.61351,130,18242
500108111,25.06874,121.58923,129,39002
500108112,25.08627,121.5914,130,18004
500108115,25.07038,121.60352,129,25204
500108116,25.07676,121.57433,129,76816
500108117,25.07777,121.57562,130,8281
500108118,25.07192,121.61955,129,77403
500108119,25.0812,121.57067,130,12004
500108120,25.07823,121.5898,130,6735
500108121,25.08781,121.55872,129,76875
500108122,25.07243,121.57416,129,72854
500108123,25.07392,121.61545,129,4203
500108124,25.06671,121.58913,130,15002
500108126,25.07849,121.61666,129,48675
500108127,25.07539,121.6203,130,11404
500108128,25.08004,121.57568,130,18362
500108129,25.06058,121.5866,129,55203
500108131,25.06321,121.57681,129,77403
500108132,25.06745,121.57513,130,8883
500108133,25.08968,121.58352,130,17402
500108134,25.08416,121.59665,130,11642
500108135,25.0735,121.61258,130,5161
500108136,25.08227,121.5909,129,83403
500108137,25.06643,121.61732,130,3604
500108138,25.08464,121.57945,129,67034
500108139,25.0786,121.58302,130,603
500108140,25.06265,121.57427,129,85154
500108141,25.06126,121.58201,129,41115
500108142,25.0721,121.60991,129,29474
500108143,25.08019,121.56316,129,84135
500108144,25.08156,121.56227,129,48002
500108145,25.08067,121.5656,130,3795
500108146,25.08202,121.56861,130,4082
500108147,25.06749,121.57784,129,50404
500108148,25.06888,121.57711,129,68895
500108150,25.07345,121.57848,129,81604
500108151,25.07821,121.57103,130,5595
500108152,25.07733,121.5727,130,8642
500108153,25.07897,121.5737,130,4156
500108154,25.08049,121.57361,130,16321
500108156,25.06805,121.58488,129,81604
500108157,25.06605,121.58206,129,66136
500108158,25.06407,121.57787,130,12482
500108159,25.06151,121.57811,130,18063
500108160,25.08152,121.56489,130,3494
500108161,25.08203,121.56298,129,57002
500108162,25.08318,121.56154,129,50835
500108164,25.07941,121.57277,129,81604
500108165,25.07074,121.61803,130,3003
500108166,25.08035,121.5705,129,85803
500108167,25.07983,121.59625,129,82804
500108168,25.08227,121.56709,130,6735
500108169,25.06153,121.60033,130,1754
500108170,25.08514,121.56161,130,19322
500108171,25.07567,121.57341,130,11404
500108172,25.07862,121.58796,130,603
500108173,25.06099,121.59662,126,22141
500108174,25.07264,121.60692,130,12004
500108175,25.07595,121.62257,129,83403
500108176,25.08438,121.57876,130,17702
500108177,25.06092,121.58898,128,30602
500108178,25.05703,121.57861,129,81604
500108179,25.05698,121.58173,130,18421
500108181,25.08389,121.57189,130,12004
500108182,25.06468,121.58654,130,603
500108183,25.07165,121.61177,130,603
500108184,25.06658,121.60803,128,55635
500108185,25.0692,121.6122,130,15302
500108186,25.06082,121.58757,129,52203
500108187,25.07712,121.58096,129,81004
500108188,25.06701,121.61194,130,4203
500108189,25.08383,121.60253,130,3003
500108190,25.08533,121.558,130,9603
500108191,25.08645,121.56928,129,57002
500108192,25.06572,121.59778,128,79204
500108193,25.06703,121.59048,129,81004
500108194,25.07834,121.58076,130,20057
500108195,25.07837,121.59652,130,7982
500108196,25.07966,121.59793,130,5462
500108197,25.07077,121.59,129,52203
500108199,25.06769,121.61163,130,4203
500108200,25.06865,121.60884,129,25803
500108201,25.07457,121.5901,130,7682
500108202,25.08899,121.56036,129,68235
500108203,25.08409,121.57066,129,59416
500108204,25.08107,121.58609,129,84603
500108205,25.08443,121.56912,130,13803
500108206,25.08466,121.56577,129,66315
500109001,25.1168,121.5048,130,16742
500109002,25.10981,121.49886,130,196
500109003,25.11357,121.52255,130,3182
500109004,25.10896,121.51936,130,11943
500109005,25.10788,121.51457,130,12122
500109006,25.12416,121.52607,130,10204
500109007,25.11739,121.46288,130,19561
500109008,25.11884,121.46912,130,14834
500109009,25.1203,121.4665,130,5342
500109010,25.13149,121.47365,129,72677
500109011,25.12397,121.46712,130,18842
500109012,25.12618,121.46737,129,85803
500109013,25.12796,121.46782,130,11522
500109014,25.1231,121.47092,129,77354
500109015,25.1378,121.4863,130,19742
500109016,25.13666,121.48159,130,19825
500109017,25.13475,121.49613,130,4203
500109018,25.13997,121.48967,129,82336
500109019,25.13776,121.49345,130,19742
500109020,25.14582,121.49303,129,81604
500109022,25.13691,121.49987,130,21974
500109023,25.13733,121.50339,130,19442
500109024,25.13187,121.499,130,1204
500109025,25.12634,121.50099,130,19442
500109026,25.12297,121.50158,130,4982
500109027,25.12725,121.50676,130,19203
500109028,25.12814,121.49782,130,16923
500109029,25.11798,121.50342,130,18362
500109030,25.12666,121.50373,130,3003
500109031,25.12087,121.50523,130,18601
500109032,25.11666,121.50962,130,17463
500109033,25.11912,121.51223,130,15302
500109034,25.11451,121.51567,130,13262
500109035,25.11752,121.51662,130,17463
500109036,25.11542,121.51469,130,18421
500109037,25.11753,121.52186,130,17702
500109039,25.1144,121.51307,130,4082
500109040,25.11865,121.5235,130,9363
500109041,25.11978,121.50422,130,1204
500109042,25.11587,121.50576,130,7682
500109043,25.11093,121.51382,130,5354
500109044,25.1137,121.52437,130,603
500109045,25.10467,121.51654,129,82804
500109046,25.12501,121.47158,130,14582
500109047,25.13485,121.47769,130,9063
500109048,25.12081,121.51352,129,84004
500109049,25.13675,121.50224,130,6122
500109050,25.13872,121.5021,130,541
500109051,25.11272,121.50922,130,6915
500109052,25.11416,121.50771,130,17715
500109053,25.11,121.51841,130,16203
500109054,25.13102,121.50408,130,18421
500109055,25.10032,121.50599,130,18842
500109056,25.14319,121.49621,129,34877
500109057,25.10065,121.51107,129,67397
500109058,25.14058,121.49915,129,81734
500109059,25.14045,121.50446,130,4442
500109060,25.11535,121.51736,130,18842
500109061,25.12287,121.5037,129,85276
500109062,25.14193,121.50835,128,82381
500109063,25.12533,121.50573,130,5342
500109064,25.11857,121.51846,130,6003
500109065,25.12862,121.5033,306,13874
500109066,25.1094,121.51248,130,12004
500109067,25.13774,121.50142,130,4936
500109068,25.13529,121.49664,130,3182
500109070,25.13431,121.50226,129,58875
500109071,25.12757,121.47207,129,85935
500109072,25.14319,121.49093,130,18362
500109073,25.13684,121.50792,129,62655
500109074,25.1439,121.49447,130,4982
500109075,25.13258,121.49862,130,9063
500109076,25.11879,121.51921,130,4574
500109077,25.12082,121.50727,130,10263
500109078,25.13043,121.50017,130,8281
500109079,25.13076,121.47347,130,19442
500109080,25.10171,121.51263,129,66315
500109081,25.13201,121.49817,130,19561
500109082,25.10392,121.51244,129,66555
500109084,25.12595,121.51098,128,73154
500109085,25.13713,121.49706,130,4
500109086,25.1419,121.4989,129,82202
500109087,25.12307,121.49906,129,81016
500109088,25.11969,121.50169,129,39002
500109089,25.10576,121.5173,130,1204
500109091,25.13905,121.50012,130,8461
500109092,25.11944,121.51453,129,84376
500109093,25.11955,121.46735,130,18781
500109094,25.12518,121.46922,130,14404
500109095,25.11483,121.49934,130,19203
500109096,25.12231,121.49964,129,64577
500109097,25.13843,121.48802,130,10323
500109098,25.13997,121.48711,129,74235
500109099,25.11332,121.51615,130,19561
500109100,25.12771,121.47071,129,52802
500109101,25.12066,121.46228,130,17463
500109102,25.14262,121.51218,127,43804
500109103,25.11032,121.51097,130,20176
500109104,25.12164,121.52404,130,4082
500109105,25.13632,121.49686,130,14281
500109106,25.13939,121.50571,127,30603
500109107,25.13709,121.4996,130,12722
500109108,25.13372,121.49602,129,57002
500109109,25.13401,121.50564,129,81004
500109111,25.10192,121.51719,129,49203
500110002,25.04987,121.57785,130,19754
500110003,25.05009,121.57202,130,3182
500110004,25.05503,121.56876,130,19742
500110005,25.04878,121.56087,130,8883
500110006,25.05136,121.56283,130,19742
500110007,25.05155,121.5636,130,10622
500110008,25.04937,121.558,130,13022
500110009,25.05152,121.5646,130,13803
500110010,25.05492,121.56701,130,19742
500110011,25.0622,121.54565,130,19561
500110012,25.06374,121.54767,130,9244
500110013,25.06095,121.54731,130,14582
500110014,25.05804,121.54897,130,18542
500110015,25.0546,121.54486,130,20596
500110016,25.0619,121.56328,130,14281
500110017,25.05907,121.56305,130,18542
500110018,25.05157,121.55118,130,11642
500110019,25.04826,121.55235,130,17463
500110020,25.05633,121.55286,130,13202
500110021,25.06118,121.55098,130,18542
500110022,25.062,121.56019,130,19203
500110023,25.05925,121.56888,130,15302
500110024,25.05834,121.55496,129,85203
500110025,25.061286751494,121.566678992451,130,17942
500110026,25.04459,121.55252,130,18421
500110027,25.04488,121.54992,130,16394
500110028,25.05419,121.55631,130,19083
500110029,25.05528,121.559,129,78734
500110030,25.05433,121.56545,130,18123
500110031,25.06206,121.55475,130,19442
500110032,25.0484,121.56586,130,12902
500110033,25.04693,121.55771,130,19083
500110034,25.04606,121.55665,130,19155
500110035,25.05347,121.55436,130,12122
500110036,25.04769,121.5448,130,14582
500110037,25.05143,121.55716,130,17402
500110038,25.05846,121.55947,130,15181
500110039,25.05408,121.56095,130,17702
500110040,25.05606,121.56345,130,18601
500110041,25.04763,121.56115,130,18421
500110042,25.04524,121.54659,130,16742
500110043,25.05278,121.54478,130,18601
500110044,25.05168,121.54506,130,13262
500110045,25.0648,121.56788,130,19322
500110046,25.04951,121.54941,130,14055
500110047,25.05176,121.55352,130,16923
500110048,25.0536,121.54871,130,18842
500110049,25.05147,121.57683,130,17582
500110050,25.05013,121.57635,130,8404
500110051,25.062,121.54472,130,1805
500110052,25.05163,121.55907,130,18123
500110053,25.06241,121.56831,130,19203
500110054,25.05198,121.5681,130,8894
500110055,25.05406,121.56407,130,16682
500110056,25.05378,121.55893,130,10622
500110057,25.04634,121.5542,130,16804
500110058,25.05173,121.55609,130,17942
500110059,25.04954,121.55261,130,18004
500110060,25.05567,121.56713,129,84004
500110061,25.05149,121.56535,130,19561
500110062,25.04962,121.57746,130,17582
500110063,25.05722,121.55706,130,19203
500110064,25.05226,121.54926,130,19561
500110065,25.04802,121.54864,130,15542
500110066,25.0615,121.56332,130,3182
500110067,25.04985,121.57189,129,64095
500110068,25.05452,121.54636,130,14894
500110069,25.04942,121.57503,130,12722
500110070,25.05014,121.57692,130,19083
500110071,25.05152,121.55243,130,16923
500110072,25.05181,121.5521,130,10804
500110073,25.0542,121.5491,130,974
500110074,25.05764,121.54443,130,18004
500110076,25.0444,121.55397,130,19742
500110077,25.05454,121.55417,130,17942
500110078,25.05129,121.56426,130,16923
500110079,25.05139,121.57062,130,19561
500110080,25.06432,121.54537,130,16382
500110081,25.05708,121.56486,130,9363
500110082,25.04742,121.56305,130,19083
500110083,25.06589,121.54529,130,12256
500110084,25.06457,121.56458,130,9603
500110085,25.05936,121.56586,130,19561
500110086,25.06185,121.55,130,19561
500110087,25.05028,121.56879,130,17222
500110088,25.056,121.5467,130,17222
500110089,25.05725,121.56608,130,20717
500110090,25.05434,121.56878,129,61034
500110091,25.05779,121.56167,130,17343
500110092,25.06054,121.55489,128,81003
500110093,25.05141,121.57972,129,50775
500110095,25.06575,121.568,129,21722
500110096,25.06293,121.56296,129,84004
500110097,25.06198,121.55711,129,47535
500110098,25.05023,121.56153,130,19203
500111001,25.04591,121.59226,130,19561
500111002,25.04128,121.59089,130,16804
500111003,25.05014,121.59238,130,9302
500111004,25.04919,121.58832,130,3003
500111005,25.04437,121.58133,130,3003
500111006,25.04843,121.58154,130,17702
500111007,25.04608,121.58315,130,14404
500111008,25.04592,121.5882,130,19442
500111009,25.04281,121.58613,130,19561
500111010,25.04239,121.61683,130,18421
500111011,25.04054,121.61374,129,66136
500111012,25.04763,121.61145,129,81604
500111013,25.05469,121.61669,130,9363
500111014,25.04697,121.61375,130,4203
500111015,25.04499,121.61775,130,5054
500111016,25.04139,121.6191,130,6122
500111017,25.03564,121.61415,130,4442
500111018,25.054,121.61334,130,3676
500111019,25.05933,121.61677,130,662
500111020,25.05668,121.61137,129,67577
500111021,25.05629,121.607,130,12482
500111022,25.05485,121.60866,130,16203
500111023,25.05716,121.59792,130,1277
500111024,25.05437,121.59423,130,18123
500111025,25.05252,121.60922,130,12782
500111026,25.05201,121.60741,130,13022
500111027,25.05192,121.60642,130,6781
500111028,25.05507,121.6028,130,4803
500111029,25.03392,121.60985,130,18123
500111030,25.04681,121.61703,129,52157
500111031,25.04805,121.61594,130,17161
500111032,25.05343,121.59945,130,15242
500111033,25.05766,121.60396,130,19083
500111034,25.05211,121.59839,129,84004
500111035,25.05326,121.60656,130,18902
500111036,25.05266,121.61275,130,8342
500111037,25.05627,121.61369,130,19561
500111038,25.05831,121.61422,129,68475
500111039,25.03595,121.61688,129,53896
500111040,25.0521,121.59053,129,85803
500111041,25.05285,121.59279,130,19442
500111042,25.05234,121.58152,130,19742
500111043,25.05289,121.58599,129,40203
500111044,25.05168,121.58284,129,33002
500111045,25.05064,121.5803,130,18421
500111046,25.04511,121.5836,130,12004
500111047,25.04193,121.58493,130,16804
500111048,25.03884,121.58788,130,12482
500111049,25.06148,121.61384,130,19561
500111050,25.05937,121.61072,130,10383
500111051,25.05293,121.60549,129,71417
500111052,25.04014,121.61766,130,4
500111053,25.06164,121.61267,130,19322
500111054,25.06271,121.61597,129,55203
500111055,25.05853,121.60983,130,603
500111056,25.05436,121.6181,130,8281
500111057,25.05172,121.61686,130,18242
500111058,25.03987,121.62015,129,82634
500111059,25.05705,121.59265,130,14881
500111060,25.0582,121.59368,130,18781
500111061,25.05465,121.6185,129,82695
500111062,25.05535,121.61838,130,11642
500111063,25.04675,121.58731,130,17343
500111064,25.04134,121.59323,130,8642
500111065,25.04969,121.58028,129,73217
500111066,25.0483,121.59425,129,84675
500111067,25.05368,121.59969,129,75135
500111068,25.05225,121.60766,129,70997
500111069,25.05343,121.60633,130,17942
500111070,25.04177,121.58735,130,17881
500111071,25.04998,121.58383,130,19203
500111072,25.03878,121.59302,130,18123
500111073,25.04066,121.58877,130,2535
500111074,25.05543,121.5892,130,18242
500111075,25.04557,121.58629,130,1204
500111076,25.05545,121.61646,130,19742
500111077,25.03827,121.62274,130,5041
500111078,25.05394,121.59124,129,85803
500111079,25.05066,121.59431,130,18123
500111080,25.04916,121.58906,130,22095
500111081,25.04126,121.6118,129,81604
500111082,25.05457,121.58781,130,17463
500111083,25.05381,121.58638,130,19322
500111084,25.0488,121.58742,130,17582
500111085,25.05296,121.61713,130,16995
500111086,25.04728,121.58605,130,19322
500111087,25.04487,121.61481,129,84603
500111088,25.05163,121.59535,129,62597
500111089,25.05486,121.5944,130,16923
500111090,25.04997,121.6162,129,25803
500111091,25.05801,121.60674,129,52203
500111092,25.03999,121.61538,130,2896
500111093,25.04159,121.61532,130,3003
500111094,25.04287,121.61342,130,7204
500111095,25.04691,121.58192,129,67817
500111096,25.05469,121.60381,129,77403
500111097,25.06043,121.61498,130,1277
500111098,25.04015,121.59111,130,4
500111113,25.058,121.62189,130,1805
500111114,25.05124,121.59361,129,82804
500111115,25.05156,121.6014,130,18601
500111116,25.05216,121.60338,130,7982
500111117,25.04857,121.59401,129,72435
500111118,25.0614,121.61795,128,46203
500111119,25.05791,121.61704,129,55456
500111120,25.0586,121.61973,129,82804
500111121,25.06148,121.61698,129,30794
500111123,25.05312,121.58928,127,2221
500112001,25.02035,121.55769,130,21015
500112002,25.02561,121.55409,130,18781
500112003,25.02811,121.55671,130,18123
500112004,25.0132,121.56335,129,49203
500112005,25.01545,121.56134,129,2222
500112006,25.02698,121.55841,130,19083
500112007,25.02668,121.56175,130,19742
500112008,25.02868,121.55932,130,14822
500112009,25.03162,121.57396,130,18302
500112010,25.03222,121.56974,130,4442
500112011,25.02863,121.56981,130,19203
500112012,25.02678,121.56884,130,17161
500112013,25.03616,121.56983,130,17822
500112014,25.03295,121.56867,130,14582
500112015,25.03471,121.57301,130,16742
500112016,25.0382,121.57495,130,12722
500112017,25.02868,121.56672,130,19742
500112018,25.03189,121.56678,129,83955
500112019,25.03275,121.56337,130,19203
500112020,25.03003,121.56287,130,19083
500112021,25.03281,121.55756,345,32654
500112022,25.03452,121.5576,130,19083
500112023,25.03745,121.5602,130,3604
500112024,25.03961,121.57199,130,12004
500112025,25.03423,121.57636,130,18781
500112026,25.03894,121.57915,130,15841
500112027,25.0347,121.58018,130,13202
500112028,25.03301,121.58096,129,85203
500112029,25.03801,121.56541,130,18781
500112030,25.03607,121.56535,130,22037
500112031,25.03627,121.56383,130,17582
500112032,25.03899,121.56369,130,18781
500112033,25.03599,121.56218,130,19322
500112035,25.03306,121.5662,130,17582
500112036,25.03338,121.56333,130,18902
500112037,25.0427,121.58112,130,15903
500112038,25.03476,121.56865,130,21674
500112039,25.03846,121.58618,130,17702
500112040,25.03841,121.58355,130,7804
500112042,25.03918,121.56654,130,19203
500112043,25.0401,121.56822,130,18601
500112044,25.04626,121.57045,130,18004
500112045,25.02388,121.56984,130,19083
500112046,25.0193,121.57105,130,17222
500112047,25.04773,121.56895,130,14281
500112048,25.04732,121.57211,130,18676
500112049,25.0489,121.57841,130,19203
500112050,25.04797,121.57432,130,18842
500112051,25.04548,121.57207,130,18902
500112052,25.02969,121.55766,130,17402
500112053,25.04927,121.57205,130,19742
500112054,25.0433,121.5638,130,17881
500112055,25.03005,121.55764,130,18302
500112056,25.04108,121.5629,130,19083
500112057,25.0213,121.57027,130,3782
500112058,25.04395,121.58184,130,18302
500112059,25.04519,121.57712,130,19561
500112060,25.04345,121.57539,130,21554
500112061,25.04561,121.57549,130,16804
500112062,25.04623,121.57772,130,5404
500112063,25.0432,121.57789,130,21074
500112064,25.03295,121.5712,130,12004
500112065,25.03657,121.57349,130,16923
500112066,25.03511,121.56369,130,13262
500112067,25.0383,121.5762,130,19322
500112068,25.04185,121.57204,130,12782
500112069,25.04516,121.56702,130,11642
500112070,25.0405,121.57538,130,18123
500112071,25.02606,121.5631,130,19322
500112072,25.03593,121.57906,130,16382
500112073,25.03771,121.56124,129,82202
500112075,25.03321,121.55873,130,16321
500112076,25.0327,121.56157,130,12004
500112078,25.02236,121.56268,130,10682
500112079,25.0426,121.58381,130,8642
500112080,25.03929,121.58755,130,14822
500112081,25.03656,121.56866,130,18063
500112082,25.03404,121.56598,130,22335
500112083,25.03214,121.55974,130,6604
500112084,25.02976,121.5642,130,19322
500112085,25.04084,121.56789,130,18004
500112086,25.04719,121.58058,130,17222
500112087,25.02306,121.57036,130,3782
500112088,25.02474,121.56741,130,21974
500112089,25.0409,121.5705,130,13622
500112090,25.03203,121.5615,130,17161
500112091,25.03047,121.56838,130,3735
500112092,25.03322,121.57433,130,8461
500112093,25.04146,121.56731,130,17822
500112094,25.02326,121.56329,130,21915
500112095,25.02605,121.5577,130,16742
500112096,25.02589,121.56073,130,19322
500112097,25.02186,121.55532,130,18123
500112098,25.04533,121.57915,130,19742
500112099,25.03866,121.58082,130,20416
500112100,25.02188,121.55891,130,14476
500112101,25.04367,121.56741,86,68256
500112102,25.0246,121.56028,130,15604
500112103,25.04144,121.56126,130,18421
500112104,25.04206,121.55792,130,19083
500112105,25.04482,121.55795,130,10743
500112106,25.04557,121.58059,130,18242
500112107,25.02261,121.57178,130,3782
500112108,25.04892,121.56906,130,13022
500112109,25.02559,121.56954,130,12004
500112110,25.03633,121.57582,130,18601
500112111,25.02815,121.56114,130,9603
500112113,25.04584,121.57273,130,17702
500112114,25.03706,121.56124,130,17881
500112115,25.02309,121.55537,130,19442
500112116,25.02383,121.56767,130,18302
500112117,25.03942,121.56149,129,37935
500112118,25.03784,121.55768,130,14355
500112119,25.03284,121.56555,130,16923
500112120,25.03568,121.58133,129,4742
500112123,25.04831,121.57766,130,14281
500112124,25.0304,121.5654,130,15781
500112125,25.03098,121.5697,130,3915
500113001,25.02365,121.49528,130,15482
500113002,25.0216,121.49597,130,20536
500113003,25.01975,121.4973,130,22394
500113004,25.02485,121.50898,130,19322
500113005,25.02442,121.5107,130,16321
500113006,25.02297,121.50845,130,15604
500113007,25.02481,121.50755,130,19442
500113008,25.02594,121.50651,130,17881
500113009,25.0241,121.50289,130,14523
500113010,25.02085,121.50539,129,47404
500113012,25.02964,121.50258,130,12604
500113013,25.02582,121.50255,130,5174
500113014,25.03124,121.50122,130,14281
500113015,25.03116,121.50336,130,6604
500113016,25.03301,121.5016,129,70275
500113017,25.02257,121.49807,129,80355
500113018,25.01688,121.49534,130,21435
500113019,25.02332,121.49264,130,18842
500113020,25.02516,121.49604,130,17881
500113022,25.02744,121.49619,130,14523
500113023,25.03267,121.49757,130,6242
500113025,25.02673,121.49176,130,19405
500113026,25.03284,121.48908,130,18004
500113027,25.03397,121.49029,130,8883
500113028,25.03388,121.49293,130,15242
500113029,25.03203,121.49127,130,19322
500113030,25.03124,121.49075,130,3003
500113031,25.03383,121.4946,130,3003
500113032,25.03253,121.49549,129,25204
500113033,25.02021,121.50376,130,19742
500113034,25.04662,121.50717,130,18601
500113035,25.04441,121.50541,130,18842
500113036,25.0417,121.49992,130,6604
500113037,25.04369,121.5018,130,11522
500113038,25.04099,121.50769,130,14881
500113039,25.03771,121.50662,130,19203
500113040,25.03535,121.49938,130,18302
500113041,25.0355,121.49541,130,19442
500113042,25.03852,121.49881,130,16742
500113043,25.03792,121.50177,130,10622
500113044,25.03364,121.50322,130,17942
500113045,25.03394,121.50117,130,19322
500113046,25.03509,121.50199,130,17343
500113047,25.04445,121.50306,130,14762
500113048,25.04551,121.50318,130,18421
500113049,25.04345,121.50841,130,18735
500113050,25.0403,121.50197,130,19322
500113051,25.02376,121.49986,129,85803
500113052,25.02533,121.4996,130,3182
500113053,25.03517,121.49048,130,6122
500113054,25.03119,121.48858,129,82804
500113055,25.0271,121.49775,130,15181
500113056,25.03606,121.49163,129,83897
500113057,25.03731,121.49526,130,18781
500113058,25.03302,121.4931,130,18842
500113059,25.03035,121.49228,130,18362
500113060,25.01796,121.49988,130,22455
500113061,25.0286,121.48908,130,17822
500113062,25.03646,121.50492,130,16575
500113063,25.04776,121.50612,130,15542
500113064,25.03811,121.50362,130,17402
500113065,25.02926,121.49936,130,18902
500113066,25.02273,121.50271,130,10383
500113068,25.03548,121.50026,130,18302
500113069,25.0317,121.50033,130,13022
500113070,25.0287,121.49156,130,18601
500113071,25.01975,121.4992,130,12482
500113072,25.02768,121.49134,130,21974
500113073,25.01979,121.5009,130,19203
500113074,25.03348,121.50445,130,4
500113075,25.02039,121.4927,130,9363
500113077,25.0232,121.50028,130,18362
500113078,25.02005,121.50429,130,5041
500113079,25.02114,121.50265,130,15002
500113080,25.01907,121.50219,130,19442
500113081,25.03062,121.49021,130,19322
500113083,25.03338,121.49267,130,19742
500113085,25.0301,121.49324,130,21317
500113086,25.02406,121.49639,130,19695
500113087,25.02263,121.50154,129,83403
500113088,25.03174,121.49502,130,14762
500113089,25.03614,121.50625,130,4936
500113090,25.02901,121.49659,129,81604
500113091,25.02677,121.50283,130,13022
500119005,25.01493,121.53044,130,14281
500119006,25.01466,121.52917,130,13382
500119007,25.01411,121.52997,130,9603
500119008,25.01391,121.52895,130,19754
500119009,25.01525,121.53009,130,20057
500119043,25.01729,121.54531,130,8461
500119044,25.01415,121.53767,130,12604
500119045,25.01839,121.53404,129,85803
500119046,25.01355,121.53673,130,5462
500119047,25.01761,121.53844,130,4454
500119048,25.01547,121.53436,130,12482
500119049,25.01981,121.53903,130,16457
500119050,25.01846,121.5376,130,16335
500119051,25.01616,121.54251,130,10263
500119052,25.01857,121.54059,130,18016
500119053,25.02108,121.53783,130,18977
500119054,25.01941,121.5404,130,17116
500119055,25.01793,121.53585,130,19335
500119056,25.01627,121.53535,130,20416
500119057,25.01666,121.53718,130,16035
500119058,25.0198,121.53583,130,19216
500119059,25.01595,121.53791,130,13575
500119060,25.01566,121.53786,130,9782
500119061,25.01511,121.53786,130,6242
500119062,25.01345,121.53798,129,52203
500119063,25.01603,121.53635,129,74295
500119064,25.01754,121.54398,130,17702
500119065,25.01699,121.53574,130,3722
500119066,25.02157,121.53633,130,4982
500119067,25.02053,121.54145,130,17881
500119068,25.01987,121.54175,130,16995
500119069,25.02074,121.53906,130,17357
500119070,25.01561,121.53583,130,13262
500119071,25.02036,121.53992,130,17402
500119072,25.01881,121.53868,130,16636
500119074,25.01548,121.53825,130,13456
500119075,25.01761,121.53995,130,18063
500119076,25.01922,121.54195,130,17834
500119077,25.0189,121.536,129,62356
500119078,25.01704,121.53888,130,4696
500119079,25.01698,121.53455,130,8235
500119080,25.01539,121.53686,129,64577
500119081,25.01337,121.53909,130,3782
500119082,25.01703,121.53781,130,16216
500119083,25.0196,121.53846,129,74055
500119084,25.01854,121.54309,130,16575
500119085,25.01857,121.54247,130,16694
500119086,25.01804,121.53928,130,16874
500119087,25.0169,121.54031,130,2714
500119088,25.01995,121.54347,130,15542
500119089,25.01791,121.54242,130,8404
500119090,25.02112,121.53591,130,19095
500119091,25.01816,121.54469,130,12604
500119092,25.01436,121.53828,130,13816
500119093,25.01467,121.53765,130,3182
500119094,25.01479,121.53494,130,12782
500119095,25.01944,121.54339,130,16817
500119096,25.01547,121.52892,130,5342
500119097,25.0182,121.53476,129,84004
