sno,latitude,longitude,day_of_year,seconds_of_day,hour,weekday,usage_ratio,is_near_mrt,is_near_park,is_near_school,district_中山區,district_中正區,district_信義區,district_內湖區,district_北投區,district_南港區,district_士林區,district_大同區,district_大安區,district_文山區,district_松山區,district_臺大公館校區,district_萬華區,weekday_sin,weekday_cos,hour_sin,hour_cos,total_0_30,total_30_60,total_60_plus,rent_0_30,rent_30_60,rent_60_plus,return_0_30,return_30_60,return_60_plus,total_bikes,rent_bikes,return_bikes,is_high_error,relative_error
500101022,25.01491,121.53438,130,14956,4,5,0.3737373737373737,1,0,0,0,0,0,0,0,0,0,0,1,0,0,0,0,-0.9749279121818236,-0.2225209339563146,0.8660254037844386,0.5000000000000001,0,0,1,0,1,0,0,1,0,90,45,45,1,175.9563636363636
500101022,25.01491,121.53438,130,14956,4,5,0.3737373737373737,1,0,0,0,0,0,0,0,0,0,0,1,0,0,0,0,-0.9749279121818236,-0.2225209339563146,0.8660254037844386,0.5000000000000001,0,0,1,0,1,0,0,1,0,90,45,45,1,175.9563636363636
500101024,25.01451,121.54142,130,4635,1,5,0.02,0,0,0,0,0,0,0,0,0,0,0,1,0,0,0,0,-0.9749279121818236,-0.2225209339563146,0.2588190451025207,0.9659258262890684,0,1,0,0,1,0,1,0,0,45,45,15,1,175.9563636363636
500101025,25.01295,121.53973,130,8342,2,5,0.0303030303030303,0,0,0,0,0,0,0,0,0,0,0,1,0,0,0,0,-0.9749279121818236,-0.2225209339563146,0.4999999999999999,0.8660254037844387,0,0,1,0,1,0,0,0,1,90,45,90,1,175.9563636363636
500101025,25.01295,121.53973,130,8342,2,5,0.0303030303030303,0,0,0,0,0,0,0,0,0,0,0,1,0,0,0,0,-0.9749279121818236,-0.2225209339563146,0.4999999999999999,0.8660254037844387,0,0,1,0,0,1,0,1,0,90,90,45,1,451.9127272727272
500101027,25.01182,121.54165,130,18242,5,5,0.8974358974358975,0,0,0,0,0,0,0,0,0,0,0,1,0,0,0,0,-0.9749279121818236,-0.2225209339563146,0.9659258262890684,0.2588190451025207,0,1,0,0,1,0,1,0,0,45,45,15,1,175.9563636363636
500101032,25.01637,121.54535,130,17894,4,5,0.9836065573770492,0,0,0,0,0,0,0,0,0,0,0,1,0,0,0,0,-0.9749279121818236,-0.2225209339563146,0.8660254037844386,0.5000000000000001,0,0,1,0,0,1,1,0,0,90,90,15,1,451.9127272727272
500101032,25.01637,121.54535,130,17894,4,5,0.9836065573770492,0,0,0,0,0,0,0,0,0,0,0,1,0,0,0,0,-0.9749279121818236,-0.2225209339563146,0.8660254037844386,0.5000000000000001,0,0,1,0,1,0,1,0,0,90,45,15,1,175.9563636363636
500101033,25.01664,121.5452,130,22037,6,5,0.95,0,0,0,0,0,0,0,0,0,0,0,1,0,0,0,0,-0.9749279121818236,-0.2225209339563146,1.0,6.123233995736766e-17,0,1,0,0,1,0,1,0,0,45,45,15,1,175.9563636363636
500101033,25.01664,121.5452,130,22037,6,5,0.95,0,0,0,0,0,0,0,0,0,0,0,1,0,0,0,0,-0.9749279121818236,-0.2225209339563146,1.0,6.123233995736766e-17,0,1,0,0,1,0,1,0,0,45,45,15,1,175.9563636363636
500101091,25.022864,121.546622,130,10682,2,5,0.5,0,0,0,0,0,0,0,0,0,0,0,1,0,0,0,0,-0.9749279121818236,-0.2225209339563146,0.4999999999999999,0.8660254037844387,0,1,0,0,1,0,1,0,0,45,45,15,1,175.9563636363636
500101095,25.0189,121.55013,130,19275,5,5,0.945945945945946,0,0,1,0,0,0,0,0,0,0,0,1,0,0,0,0,-0.9749279121818236,-0.2225209339563146,0.9659258262890684,0.2588190451025207,0,1,0,0,1,0,1,0,0,45,45,15,1,175.9563636363636
500101095,25.0189,121.55013,130,19275,5,5,0.945945945945946,0,0,1,0,0,0,0,0,0,0,0,1,0,0,0,0,-0.9749279121818236,-0.2225209339563146,0.9659258262890684,0.2588190451025207,0,1,0,0,1,0,1,0,0,45,45,15,1,175.9563636363636
500101097,25.01856,121.55558,130,18781,5,5,0.8780487804878049,0,0,0,0,0,0,0,0,0,0,0,1,0,0,0,0,-0.9749279121818236,-0.2225209339563146,0.9659258262890684,0.2588190451025207,0,1,0,0,1,0,1,0,0,45,45,15,1,175.9563636363636
500101097,25.01856,121.55558,130,18781,5,5,0.8780487804878049,0,0,0,0,0,0,0,0,0,0,0,1,0,0,0,0,-0.9749279121818236,-0.2225209339563146,0.9659258262890684,0.2588190451025207,0,1,0,0,1,0,1,0,0,45,45,15,1,175.9563636363636
500101099,25.021,121.55211,130,17161,4,5,0.6818181818181818,0,1,0,0,0,0,0,0,0,0,0,1,0,0,0,0,-0.9749279121818236,-0.2225209339563146,0.8660254037844386,0.5000000000000001,0,1,0,0,1,0,1,0,0,45,45,15,1,175.9563636363636
500101100,25.0181,121.55929,130,662,0,5,0.72,1,0,0,0,0,0,0,0,0,0,0,1,0,0,0,0,-0.9749279121818236,-0.2225209339563146,0.0,1.0,0,1,0,0,1,0,1,0,0,45,45,15,1,175.9563636363636
500101100,25.0181,121.55929,130,662,0,5,0.72,1,0,0,0,0,0,0,0,0,0,0,1,0,0,0,0,-0.9749279121818236,-0.2225209339563146,0.0,1.0,0,1,0,0,1,0,1,0,0,45,45,15,1,175.9563636363636
500101109,25.0266,121.52973,130,18063,5,5,0.15,0,0,0,0,0,0,0,0,0,0,0,1,0,0,0,0,-0.9749279121818236,-0.2225209339563146,0.9659258262890684,0.2588190451025207,0,1,0,0,1,0,1,0,0,45,45,15,1,175.9563636363636
500101109,25.0266,121.52973,130,18063,5,5,0.15,0,0,0,0,0,0,0,0,0,0,0,1,0,0,0,0,-0.9749279121818236,-0.2225209339563146,0.9659258262890684,0.2588190451025207,0,1,0,0,1,0,1,0,0,45,45,15,1,175.9563636363636
500101113,25.02895,121.5379,130,9063,2,5,0.9019607843137256,0,0,0,0,0,0,0,0,0,0,0,1,0,0,0,0,-0.9749279121818236,-0.2225209339563146,0.4999999999999999,0.8660254037844387,0,1,0,0,1,0,1,0,0,45,45,15,1,175.9563636363636
500101113,25.02895,121.5379,130,9063,2,5,0.9019607843137256,0,0,0,0,0,0,0,0,0,0,0,1,0,0,0,0,-0.9749279121818236,-0.2225209339563146,0.4999999999999999,0.8660254037844387,0,1,0,0,1,0,1,0,0,45,45,15,1,175.9563636363636
500101114,25.02657,121.53515,130,9004,2,5,0.1176470588235294,0,0,0,0,0,0,0,0,0,0,0,1,0,0,0,0,-0.9749279121818236,-0.2225209339563146,0.4999999999999999,0.8660254037844387,0,1,0,0,1,0,1,0,0,45,45,15,1,175.9563636363636
500101115,25.02606,121.53738,130,18421,5,5,0.28,0,0,0,0,0,0,0,0,0,0,0,1,0,0,0,0,-0.9749279121818236,-0.2225209339563146,0.9659258262890684,0.2588190451025207,0,1,0,0,1,0,1,0,0,45,45,15,1,175.9563636363636
500101115,25.02606,121.53738,130,18421,5,5,0.28,0,0,0,0,0,0,0,0,0,0,0,1,0,0,0,0,-0.9749279121818236,-0.2225209339563146,0.9659258262890684,0.2588190451025207,0,1,0,0,1,0,1,0,0,45,45,15,1,175.9563636363636
500101115,25.02606,121.53738,130,18421,5,5,0.28,0,0,0,0,0,0,0,0,0,0,0,1,0,0,0,0,-0.9749279121818236,-0.2225209339563146,0.9659258262890684,0.2588190451025207,0,1,0,0,1,0,1,0,0,45,45,15,1,175.9563636363636
500101116,25.02984,121.53107,130,19322,5,5,0.7727272727272727,0,1,0,0,0,0,0,0,0,0,0,1,0,0,0,0,-0.9749279121818236,-0.2225209339563146,0.9659258262890684,0.2588190451025207,0,1,0,0,1,0,1,0,0,45,45,15,1,175.9563636363636
500101120,25.03164,121.52661,130,18902,5,5,0.2093023255813953,0,0,0,0,0,0,0,0,0,0,0,1,0,0,0,0,-0.9749279121818236,-0.2225209339563146,0.9659258262890684,0.2588190451025207,0,1,0,0,1,0,1,0,0,45,45,15,1,175.9563636363636
500101120,25.03164,121.52661,130,18902,5,5,0.2093023255813953,0,0,0,0,0,0,0,0,0,0,0,1,0,0,0,0,-0.9749279121818236,-0.2225209339563146,0.9659258262890684,0.2588190451025207,0,1,0,0,1,0,1,0,0,45,45,15,1,175.9563636363636
500101127,25.04177,121.53833,130,19561,5,5,0.7333333333333333,0,0,0,0,0,0,0,0,0,0,0,1,0,0,0,0,-0.9749279121818236,-0.2225209339563146,0.9659258262890684,0.2588190451025207,0,1,0,0,1,0,1,0,0,45,45,15,1,175.9563636363636
500101127,25.04177,121.53833,130,19561,5,5,0.7333333333333333,0,0,0,0,0,0,0,0,0,0,0,1,0,0,0,0,-0.9749279121818236,-0.2225209339563146,0.9659258262890684,0.2588190451025207,0,1,0,0,1,0,1,0,0,45,45,15,1,175.9563636363636
500101127,25.04177,121.53833,130,19561,5,5,0.7333333333333333,0,0,0,0,0,0,0,0,0,0,0,1,0,0,0,0,-0.9749279121818236,-0.2225209339563146,0.9659258262890684,0.2588190451025207,0,1,0,0,1,0,1,0,0,45,45,15,1,175.9563636363636
500101131,25.03701,121.54348,130,21494,5,5,0.02,0,0,0,0,0,0,0,0,0,0,0,1,0,0,0,0,-0.9749279121818236,-0.2225209339563146,0.9659258262890684,0.2588190451025207,0,1,0,0,1,0,1,0,0,45,45,15,1,175.9563636363636
500101131,25.03701,121.54348,130,21494,5,5,0.02,0,0,0,0,0,0,0,0,0,0,0,1,0,0,0,0,-0.9749279121818236,-0.2225209339563146,0.9659258262890684,0.2588190451025207,0,1,0,0,1,0,1,0,0,45,45,15,1,175.9563636363636
500101144,25.03332,121.53435,130,17161,4,5,0.2608695652173913,1,1,0,0,0,0,0,0,0,0,0,1,0,0,0,0,-0.9749279121818236,-0.2225209339563146,0.8660254037844386,0.5000000000000001,0,0,1,0,1,0,0,1,0,90,45,45,1,175.9563636363636
500101144,25.03332,121.53435,130,17161,4,5,0.2608695652173913,1,1,0,0,0,0,0,0,0,0,0,1,0,0,0,0,-0.9749279121818236,-0.2225209339563146,0.8660254037844386,0.5000000000000001,0,0,1,0,1,0,1,0,0,90,45,15,1,175.9563636363636
500101148,25.03635,121.53833,130,19083,5,5,0.4375,0,0,0,0,0,0,0,0,0,0,0,1,0,0,0,0,-0.9749279121818236,-0.2225209339563146,0.9659258262890684,0.2588190451025207,0,1,0,0,1,0,1,0,0,45,45,15,1,175.9563636363636
500101156,25.0328,121.53746,130,8883,2,5,0.3653846153846153,0,0,0,0,0,0,0,0,0,0,0,1,0,0,0,0,-0.9749279121818236,-0.2225209339563146,0.4999999999999999,0.8660254037844387,0,1,0,0,1,0,1,0,0,45,45,15,1,175.9563636363636
500101166,25.02472,121.54417,130,662,0,5,0.4814814814814814,1,0,0,0,0,0,0,0,0,0,0,1,0,0,0,0,-0.9749279121818236,-0.2225209339563146,0.0,1.0,0,1,0,0,1,0,1,0,0,45,45,15,1,175.9563636363636
500101168,25.03756,121.54587,130,7095,1,5,0.0555555555555555,0,0,0,0,0,0,0,0,0,0,0,1,0,0,0,0,-0.9749279121818236,-0.2225209339563146,0.2588190451025207,0.9659258262890684,0,1,0,0,1,0,1,0,0,45,45,15,1,175.9563636363636
500101169,25.03305,121.55378,130,19442,5,5,0.8367346938775511,1,0,0,0,0,0,0,0,0,0,0,1,0,0,0,0,-0.9749279121818236,-0.2225209339563146,0.9659258262890684,0.2588190451025207,0,1,0,0,1,0,1,0,0,45,45,15,1,175.9563636363636
500101169,25.03305,121.55378,130,19442,5,5,0.8367346938775511,1,0,0,0,0,0,0,0,0,0,0,1,0,0,0,0,-0.9749279121818236,-0.2225209339563146,0.9659258262890684,0.2588190451025207,0,1,0,0,1,0,1,0,0,45,45,15,1,175.9563636363636
500101170,25.02681,121.54668,130,15181,4,5,0.8333333333333334,0,0,0,0,0,0,0,0,0,0,0,1,0,0,0,0,-0.9749279121818236,-0.2225209339563146,0.8660254037844386,0.5000000000000001,0,1,0,0,1,0,1,0,0,45,45,15,1,175.9563636363636
500101174,25.02861,121.54336,130,19742,5,5,0.4878048780487805,0,0,0,0,0,0,0,0,0,0,0,1,0,0,0,0,-0.9749279121818236,-0.2225209339563146,0.9659258262890684,0.2588190451025207,0,1,0,0,1,0,1,0,0,45,45,15,1,175.9563636363636
500101174,25.02861,121.54336,130,19742,5,5,0.4878048780487805,0,0,0,0,0,0,0,0,0,0,0,1,0,0,0,0,-0.9749279121818236,-0.2225209339563146,0.9659258262890684,0.2588190451025207,0,1,0,0,1,0,1,0,0,45,45,15,1,175.9563636363636
500101181,25.01551,121.53374,130,15616,4,5,0.6161616161616161,1,0,0,0,0,0,0,0,0,0,0,1,0,0,0,0,-0.9749279121818236,-0.2225209339563146,0.8660254037844386,0.5000000000000001,0,0,1,0,0,1,0,1,0,90,90,45,1,451.9127272727272
500101181,25.01551,121.53374,130,15616,4,5,0.6161616161616161,1,0,0,0,0,0,0,0,0,0,0,1,0,0,0,0,-0.9749279121818236,-0.2225209339563146,0.8660254037844386,0.5000000000000001,0,0,1,0,1,0,0,0,1,90,45,90,1,175.9563636363636
500101191,25.02054,121.54561,129,85803,23,4,0.1212121212121212,0,0,0,0,0,0,0,0,0,0,0,1,0,0,0,0,-0.433883739117558,-0.9009688679024191,-0.2588190451025215,0.965925826289068,0,1,0,0,1,0,1,0,0,45,45,15,1,175.9563636363636
500101193,25.01705,121.54435,130,15181,4,5,0.9803921568627452,0,0,0,0,0,0,0,0,0,0,0,1,0,0,0,0,-0.9749279121818236,-0.2225209339563146,0.8660254037844386,0.5000000000000001,0,1,0,0,1,0,1,0,0,45,45,15,1,175.9563636363636
500101193,25.01705,121.54435,130,15181,4,5,0.9803921568627452,0,0,0,0,0,0,0,0,0,0,0,1,0,0,0,0,-0.9749279121818236,-0.2225209339563146,0.8660254037844386,0.5000000000000001,0,1,0,0,1,0,1,0,0,45,45,15,1,175.9563636363636
500101203,25.02709,121.54902,130,18781,5,5,0.1212121212121212,0,0,0,0,0,0,0,0,0,0,0,1,0,0,0,0,-0.9749279121818236,-0.2225209339563146,0.9659258262890684,0.2588190451025207,0,1,0,0,1,0,1,0,0,45,45,15,1,175.9563636363636
500101206,25.03328,121.5425,130,15002,4,5,0.9130434782608696,1,0,0,0,0,0,0,0,0,0,0,1,0,0,0,0,-0.9749279121818236,-0.2225209339563146,0.8660254037844386,0.5000000000000001,0,1,0,0,1,0,1,0,0,45,45,15,1,175.9563636363636
500101210,25.03002,121.54893,130,10743,2,5,0.15,0,0,0,0,0,0,0,0,0,0,0,1,0,0,0,0,-0.9749279121818236,-0.2225209339563146,0.4999999999999999,0.8660254037844387,0,1,0,0,1,0,1,0,0,45,45,15,1,175.9563636363636
500103002,25.0741,121.51349,130,18781,5,5,0.875,0,0,0,0,0,0,0,0,0,0,1,0,0,0,0,0,-0.9749279121818236,-0.2225209339563146,0.9659258262890684,0.2588190451025207,0,1,0,0,1,0,1,0,0,45,45,15,1,175.9563636363636
500103002,25.0741,121.51349,130,18781,5,5,0.875,0,0,0,0,0,0,0,0,0,0,1,0,0,0,0,0,-0.9749279121818236,-0.2225209339563146,0.9659258262890684,0.2588190451025207,0,1,0,0,1,0,1,0,0,45,45,15,1,175.9563636363636
500103008,25.07378,121.51583,130,16804,4,5,0.8648648648648649,0,0,0,0,0,0,0,0,0,0,1,0,0,0,0,0,-0.9749279121818236,-0.2225209339563146,0.8660254037844386,0.5000000000000001,0,1,0,0,1,0,1,0,0,45,45,15,1,175.9563636363636
500103009,25.07133,121.52024,130,18601,5,5,0.3950617283950617,1,0,0,0,0,0,0,0,0,0,1,0,0,0,0,0,-0.9749279121818236,-0.2225209339563146,0.9659258262890684,0.2588190451025207,0,0,1,0,1,0,0,1,0,90,45,45,1,175.9563636363636
500103009,25.07133,121.52024,130,18601,5,5,0.3950617283950617,1,0,0,0,0,0,0,0,0,0,1,0,0,0,0,0,-0.9749279121818236,-0.2225209339563146,0.9659258262890684,0.2588190451025207,0,0,1,0,1,0,1,0,0,90,45,15,1,175.9563636363636
500103009,25.07133,121.52024,130,18601,5,5,0.3950617283950617,1,0,0,0,0,0,0,0,0,0,1,0,0,0,0,0,-0.9749279121818236,-0.2225209339563146,0.9659258262890684,0.2588190451025207,0,0,1,0,1,0,0,1,0,90,45,45,1,175.9563636363636
500103009,25.07133,121.52024,130,18601,5,5,0.3950617283950617,1,0,0,0,0,0,0,0,0,0,1,0,0,0,0,0,-0.9749279121818236,-0.2225209339563146,0.9659258262890684,0.2588190451025207,0,0,1,0,1,0,1,0,0,90,45,15,1,175.9563636363636
500103010,25.0722,121.51057,130,15002,4,5,0.7560975609756098,0,0,0,0,0,0,0,0,0,0,1,0,0,0,0,0,-0.9749279121818236,-0.2225209339563146,0.8660254037844386,0.5000000000000001,0,1,0,0,1,0,1,0,0,45,45,15,1,175.9563636363636
500103010,25.0722,121.51057,130,15002,4,5,0.7560975609756098,0,0,0,0,0,0,0,0,0,0,1,0,0,0,0,0,-0.9749279121818236,-0.2225209339563146,0.8660254037844386,0.5000000000000001,0,1,0,0,1,0,1,0,0,45,45,15,1,175.9563636363636
500103010,25.0722,121.51057,130,15002,4,5,0.7560975609756098,0,0,0,0,0,0,0,0,0,0,1,0,0,0,0,0,-0.9749279121818236,-0.2225209339563146,0.8660254037844386,0.5000000000000001,0,1,0,0,1,0,1,0,0,45,45,15,1,175.9563636363636
500103011,25.07567,121.51862,129,65775,18,4,0.046875,0,0,1,0,0,0,0,0,0,0,1,0,0,0,0,0,-0.433883739117558,-0.9009688679024191,-1.0,-1.8369701987210294e-16,0,0,1,0,0,1,1,0,0,90,90,15,1,451.9127272727272
500103011,25.07567,121.51862,129,65775,18,4,0.046875,0,0,1,0,0,0,0,0,0,0,1,0,0,0,0,0,-0.433883739117558,-0.9009688679024191,-1.0,-1.8369701987210294e-16,0,0,1,0,1,0,1,0,0,90,45,15,1,175.9563636363636
500103020,25.06327,121.50943,130,16203,4,5,0.7659574468085106,0,0,0,0,0,0,0,0,0,0,1,0,0,0,0,0,-0.9749279121818236,-0.2225209339563146,0.8660254037844386,0.5000000000000001,0,1,0,0,1,0,1,0,0,45,45,15,1,175.9563636363636
500103024,25.06314,121.51308,130,12482,3,5,0.5789473684210527,1,0,0,0,0,0,0,0,0,0,1,0,0,0,0,0,-0.9749279121818236,-0.2225209339563146,0.7071067811865476,0.7071067811865476,0,1,0,0,1,0,1,0,0,45,45,15,1,175.9563636363636
500103027,25.05826,121.52063,130,15604,4,5,0.048780487804878,1,0,0,0,0,0,0,0,0,0,1,0,0,0,0,0,-0.9749279121818236,-0.2225209339563146,0.8660254037844386,0.5000000000000001,0,1,0,0,1,0,1,0,0,45,45,15,1,175.9563636363636
500103027,25.05826,121.52063,130,15604,4,5,0.048780487804878,1,0,0,0,0,0,0,0,0,0,1,0,0,0,0,0,-0.9749279121818236,-0.2225209339563146,0.8660254037844386,0.5000000000000001,0,1,0,0,1,0,1,0,0,45,45,15,1,175.9563636363636
500103028,25.04991,121.5104,130,18362,5,5,0.4838709677419355,1,0,0,0,0,0,0,0,0,0,1,0,0,0,0,0,-0.9749279121818236,-0.2225209339563146,0.9659258262890684,0.2588190451025207,0,0,1,0,1,0,0,1,0,90,45,45,1,175.9563636363636
500103028,25.04991,121.5104,130,18362,5,5,0.4838709677419355,1,0,0,0,0,0,0,0,0,0,1,0,0,0,0,0,-0.9749279121818236,-0.2225209339563146,0.9659258262890684,0.2588190451025207,0,0,1,0,1,0,1,0,0,90,45,15,1,175.9563636363636
500103052,25.06129,121.52021,130,13682,3,5,0.44,1,0,0,0,0,0,0,0,0,0,1,0,0,0,0,0,-0.9749279121818236,-0.2225209339563146,0.7071067811865476,0.7071067811865476,0,1,0,0,1,0,1,0,0,45,45,15,1,175.9563636363636
500103058,25.06669,121.51615,130,19322,5,5,0.825,0,1,0,0,0,0,0,0,0,0,1,0,0,0,0,0,-0.9749279121818236,-0.2225209339563146,0.9659258262890684,0.2588190451025207,0,1,0,0,1,0,1,0,0,45,45,15,1,175.9563636363636
500103059,25.04879,121.51626,130,19742,5,5,0.7894736842105263,0,0,0,0,0,0,0,0,0,0,1,0,0,0,0,0,-0.9749279121818236,-0.2225209339563146,0.9659258262890684,0.2588190451025207,0,1,0,0,1,0,1,0,0,45,45,15,1,175.9563636363636
500103059,25.04879,121.51626,130,19742,5,5,0.7894736842105263,0,0,0,0,0,0,0,0,0,0,1,0,0,0,0,0,-0.9749279121818236,-0.2225209339563146,0.9659258262890684,0.2588190451025207,0,1,0,0,1,0,1,0,0,45,45,15,1,175.9563636363636
500104004,25.08521,121.51918,130,18362,5,5,0.84,0,0,1,0,0,0,0,0,0,1,0,0,0,0,0,0,-0.9749279121818236,-0.2225209339563146,0.9659258262890684,0.2588190451025207,0,1,0,0,1,0,1,0,0,45,45,15,1,175.9563636363636
500104009,25.11356,121.53718,130,19825,5,5,0.4375,0,0,0,0,0,0,0,0,0,1,0,0,0,0,0,0,-0.9749279121818236,-0.2225209339563146,0.9659258262890684,0.2588190451025207,0,1,0,0,1,0,1,0,0,45,45,15,1,175.9563636363636
500104009,25.11356,121.53718,130,19825,5,5,0.4375,0,0,0,0,0,0,0,0,0,1,0,0,0,0,0,0,-0.9749279121818236,-0.2225209339563146,0.9659258262890684,0.2588190451025207,0,1,0,0,1,0,1,0,0,45,45,15,1,175.9563636363636
500104014,25.11184,121.52589,130,19561,5,5,0.6785714285714286,0,1,0,0,0,0,0,0,0,1,0,0,0,0,0,0,-0.9749279121818236,-0.2225209339563146,0.9659258262890684,0.2588190451025207,0,1,0,0,1,0,1,0,0,45,45,15,1,175.9563636363636
500104031,25.08403,121.5249,130,19742,5,5,0.1212121212121212,0,0,0,0,0,0,0,0,0,1,0,0,0,0,0,0,-0.9749279121818236,-0.2225209339563146,0.9659258262890684,0.2588190451025207,0,0,1,0,1,0,1,0,0,90,45,15,1,175.9563636363636
500104035,25.08911,121.52154,130,18781,5,5,0.4333333333333333,0,0,0,0,0,0,0,0,0,1,0,0,0,0,0,0,-0.9749279121818236,-0.2225209339563146,0.9659258262890684,0.2588190451025207,0,1,0,0,1,0,1,0,0,45,45,15,1,175.9563636363636
500104036,25.09164,121.51706,130,19442,5,5,0.0833333333333333,0,0,1,0,0,0,0,0,0,1,0,0,0,0,0,0,-0.9749279121818236,-0.2225209339563146,0.9659258262890684,0.2588190451025207,0,1,0,0,1,0,1,0,0,45,45,15,1,175.9563636363636
500104038,25.09598,121.51776,129,60316,16,4,0.62,0,0,0,0,0,0,0,0,0,1,0,0,0,0,0,0,-0.433883739117558,-0.9009688679024191,-0.8660254037844385,-0.5000000000000004,0,1,0,0,1,0,1,0,0,45,45,15,1,175.9563636363636
500104038,25.09598,121.51776,129,60316,16,4,0.62,0,0,0,0,0,0,0,0,0,1,0,0,0,0,0,0,-0.433883739117558,-0.9009688679024191,-0.8660254037844385,-0.5000000000000004,0,1,0,0,1,0,1,0,0,45,45,15,1,175.9563636363636
500104055,25.10459,121.52417,130,9363,2,5,0.0526315789473684,0,0,0,0,0,0,0,0,0,1,0,0,0,0,0,0,-0.9749279121818236,-0.2225209339563146,0.4999999999999999,0.8660254037844387,0,1,0,0,1,0,1,0,0,45,45,15,1,175.9563636363636
500104072,25.11044,121.53595,130,18496,5,5,0.8947368421052632,0,0,1,0,0,0,0,0,0,1,0,0,0,0,0,0,-0.9749279121818236,-0.2225209339563146,0.9659258262890684,0.2588190451025207,0,1,0,0,1,0,1,0,0,45,45,15,1,175.9563636363636
500104091,25.08577,121.52531,130,18902,5,5,0.1428571428571428,1,0,0,0,0,0,0,0,0,1,0,0,0,0,0,0,-0.9749279121818236,-0.2225209339563146,0.9659258262890684,0.2588190451025207,0,0,1,0,1,0,1,0,0,90,45,15,1,175.9563636363636
500104107,25.09561,121.52552,130,18362,5,5,0.3947368421052631,1,0,0,0,0,0,0,0,0,1,0,0,0,0,0,0,-0.9749279121818236,-0.2225209339563146,0.9659258262890684,0.2588190451025207,0,1,0,0,1,0,1,0,0,45,45,15,1,175.9563636363636
500104112,25.08182,121.52431,130,12482,3,5,0.125,0,0,0,0,0,0,0,0,0,1,0,0,0,0,0,0,-0.9749279121818236,-0.2225209339563146,0.7071067811865476,0.7071067811865476,0,1,0,0,1,0,1,0,0,45,45,15,1,175.9563636363636
500105007,24.99366,121.54124,130,20237,5,5,0.0158730158730158,1,0,0,0,0,0,0,0,0,0,0,0,1,0,0,0,-0.9749279121818236,-0.2225209339563146,0.9659258262890684,0.2588190451025207,0,0,1,0,1,0,1,0,0,90,45,15,1,175.9563636363636
500105007,24.99366,121.54124,130,20237,5,5,0.0158730158730158,1,0,0,0,0,0,0,0,0,0,0,0,1,0,0,0,-0.9749279121818236,-0.2225209339563146,0.9659258262890684,0.2588190451025207,0,0,1,0,1,0,1,0,0,90,45,15,1,175.9563636363636
500105007,24.99366,121.54124,130,20237,5,5,0.0158730158730158,1,0,0,0,0,0,0,0,0,0,0,0,1,0,0,0,-0.9749279121818236,-0.2225209339563146,0.9659258262890684,0.2588190451025207,0,0,1,0,1,0,1,0,0,90,45,15,1,175.9563636363636
500105018,24.98737,121.57726,130,15242,4,5,0.532258064516129,0,0,0,0,0,0,0,0,0,0,0,0,1,0,0,0,-0.9749279121818236,-0.2225209339563146,0.8660254037844386,0.5000000000000001,0,0,1,0,1,0,1,0,0,90,45,15,1,175.9563636363636
500105018,24.98737,121.57726,130,15242,4,5,0.532258064516129,0,0,0,0,0,0,0,0,0,0,0,0,1,0,0,0,-0.9749279121818236,-0.2225209339563146,0.8660254037844386,0.5000000000000001,0,0,1,0,0,1,1,0,0,90,90,15,1,451.9127272727272
500105018,24.98737,121.57726,130,15242,4,5,0.532258064516129,0,0,0,0,0,0,0,0,0,0,0,0,1,0,0,0,-0.9749279121818236,-0.2225209339563146,0.8660254037844386,0.5000000000000001,0,0,1,0,1,0,1,0,0,90,45,15,1,175.9563636363636
500105026,24.98747,121.54984,130,19561,5,5,0.5128205128205128,0,0,0,0,0,0,0,0,0,0,0,0,1,0,0,0,-0.9749279121818236,-0.2225209339563146,0.9659258262890684,0.2588190451025207,0,1,0,0,1,0,1,0,0,45,45,15,1,175.9563636363636
500105027,24.98573,121.54532,130,1394,0,5,0.8974358974358975,0,0,0,0,0,0,0,0,0,0,0,0,1,0,0,0,-0.9749279121818236,-0.2225209339563146,0.0,1.0,0,1,0,0,1,0,1,0,0,45,45,15,1,175.9563636363636
500105027,24.98573,121.54532,130,1394,0,5,0.8974358974358975,0,0,0,0,0,0,0,0,0,0,0,0,1,0,0,0,-0.9749279121818236,-0.2225209339563146,0.0,1.0,0,1,0,0,1,0,1,0,0,45,45,15,1,175.9563636363636
500105033,24.98574,121.56745,130,19442,5,5,0.1388888888888889,0,0,1,0,0,0,0,0,0,0,0,0,1,0,0,0,-0.9749279121818236,-0.2225209339563146,0.9659258262890684,0.2588190451025207,0,1,0,0,1,0,1,0,0,45,45,15,1,175.9563636363636
500105033,24.98574,121.56745,130,19442,5,5,0.1388888888888889,0,0,1,0,0,0,0,0,0,0,0,0,1,0,0,0,-0.9749279121818236,-0.2225209339563146,0.9659258262890684,0.2588190451025207,0,1,0,0,1,0,1,0,0,45,45,15,1,175.9563636363636
500105070,25.00825,121.53419,130,19083,5,5,0.925,0,0,0,0,0,0,0,0,0,0,0,0,1,0,0,0,-0.9749279121818236,-0.2225209339563146,0.9659258262890684,0.2588190451025207,0,1,0,0,1,0,1,0,0,45,45,15,1,175.9563636363636
500106009,25.02277,121.52289,130,1204,0,5,0.7948717948717948,0,0,1,0,1,0,0,0,0,0,0,0,0,0,0,0,-0.9749279121818236,-0.2225209339563146,0.0,1.0,0,1,0,0,1,0,1,0,0,45,45,15,1,175.9563636363636
500106010,25.02092,121.52049,129,83475,23,4,0.9333333333333332,0,0,0,0,1,0,0,0,0,0,0,0,0,0,0,0,-0.433883739117558,-0.9009688679024191,-0.2588190451025215,0.965925826289068,0,1,0,0,1,0,1,0,0,45,45,15,1,175.9563636363636
500106014,25.02338,121.51889,130,19203,5,5,0.6379310344827587,0,1,0,0,1,0,0,0,0,0,0,0,0,0,0,0,-0.9749279121818236,-0.2225209339563146,0.9659258262890684,0.2588190451025207,0,1,0,0,1,0,1,0,0,45,45,15,1,175.9563636363636
500106014,25.02338,121.51889,130,19203,5,5,0.6379310344827587,0,1,0,0,1,0,0,0,0,0,0,0,0,0,0,0,-0.9749279121818236,-0.2225209339563146,0.9659258262890684,0.2588190451025207,0,1,0,0,1,0,1,0,0,45,45,15,1,175.9563636363636
500106029,25.02886,121.50518,130,17942,4,5,0.7073170731707317,0,0,0,0,1,0,0,0,0,0,0,0,0,0,0,0,-0.9749279121818236,-0.2225209339563146,0.8660254037844386,0.5000000000000001,0,1,0,0,1,0,1,0,0,45,45,15,1,175.9563636363636
500106048,25.0357,121.5241,130,18242,5,5,0.0847457627118644,0,0,0,0,1,0,0,0,0,0,0,0,0,0,0,0,-0.9749279121818236,-0.2225209339563146,0.9659258262890684,0.2588190451025207,0,1,0,0,1,0,1,0,0,45,45,15,1,175.9563636363636
500106050,25.03648,121.50951,130,662,0,5,0.0217391304347826,1,0,0,0,1,0,0,0,0,0,0,0,0,0,0,0,-0.9749279121818236,-0.2225209339563146,0.0,1.0,0,1,0,0,1,0,1,0,0,45,45,15,1,175.9563636363636
500106051,25.03792,121.50846,130,5117,1,5,0.0277777777777777,0,0,0,0,1,0,0,0,0,0,0,0,0,0,0,0,-0.9749279121818236,-0.2225209339563146,0.2588190451025207,0.9659258262890684,0,1,0,0,1,0,1,0,0,45,45,15,1,175.9563636363636
500106053,25.04129,121.5112,130,5536,1,5,0.0212765957446808,0,0,0,0,1,0,0,0,0,0,0,0,0,0,0,0,-0.9749279121818236,-0.2225209339563146,0.2588190451025207,0.9659258262890684,0,1,0,0,1,0,1,0,0,45,45,15,1,175.9563636363636
500106055,25.03545,121.51327,130,16682,4,5,0.074074074074074,0,0,0,0,1,0,0,0,0,0,0,0,0,0,0,0,-0.9749279121818236,-0.2225209339563146,0.8660254037844386,0.5000000000000001,0,0,1,0,0,1,1,0,0,90,90,15,1,451.9127272727272
500106055,25.03545,121.51327,130,16682,4,5,0.074074074074074,0,0,0,0,1,0,0,0,0,0,0,0,0,0,0,0,-0.9749279121818236,-0.2225209339563146,0.8660254037844386,0.5000000000000001,0,0,1,0,1,0,0,1,0,90,45,45,1,175.9563636363636
500106059,25.04412,121.51025,130,11175,3,5,0.0232558139534883,0,0,0,0,1,0,0,0,0,0,0,0,0,0,0,0,-0.9749279121818236,-0.2225209339563146,0.7071067811865476,0.7071067811865476,0,1,0,0,1,0,1,0,0,45,45,15,1,175.9563636363636
500106059,25.04412,121.51025,130,11175,3,5,0.0232558139534883,0,0,0,0,1,0,0,0,0,0,0,0,0,0,0,0,-0.9749279121818236,-0.2225209339563146,0.7071067811865476,0.7071067811865476,0,1,0,0,1,0,1,0,0,45,45,15,1,175.9563636363636
500106065,25.04178,121.51907,130,8404,2,5,0.0975609756097561,0,0,0,0,1,0,0,0,0,0,0,0,0,0,0,0,-0.9749279121818236,-0.2225209339563146,0.4999999999999999,0.8660254037844387,0,1,0,0,1,0,1,0,0,45,45,15,1,175.9563636363636
500106070,25.04478,121.53274,130,15302,4,5,0.1282051282051282,0,0,0,0,1,0,0,0,0,0,0,0,0,0,0,0,-0.9749279121818236,-0.2225209339563146,0.8660254037844386,0.5000000000000001,0,1,0,0,1,0,1,0,0,45,45,15,1,175.9563636363636
500106071,25.04503,121.51968,130,14762,4,5,0.25,0,0,0,0,1,0,0,0,0,0,0,0,0,0,0,0,-0.9749279121818236,-0.2225209339563146,0.8660254037844386,0.5000000000000001,0,1,0,0,1,0,1,0,0,45,45,15,1,175.9563636363636
500106085,25.03828,121.51524,130,3782,1,5,0.1212121212121212,0,0,1,0,1,0,0,0,0,0,0,0,0,0,0,0,-0.9749279121818236,-0.2225209339563146,0.2588190451025207,0.9659258262890684,0,1,0,0,1,0,1,0,0,45,45,15,1,175.9563636363636
500106112,25.04724,121.51272,130,15841,4,5,0.0909090909090909,0,0,0,0,1,0,0,0,0,0,0,0,0,0,0,0,-0.9749279121818236,-0.2225209339563146,0.8660254037844386,0.5000000000000001,0,1,0,0,1,0,1,0,0,45,45,15,1,175.9563636363636
500106132,25.03896,121.51093,130,8281,2,5,0.072463768115942,0,0,0,0,1,0,0,0,0,0,0,0,0,0,0,0,-0.9749279121818236,-0.2225209339563146,0.4999999999999999,0.8660254037844387,0,0,1,0,0,1,1,0,0,90,90,15,1,451.9127272727272
500106132,25.03896,121.51093,130,8281,2,5,0.072463768115942,0,0,0,0,1,0,0,0,0,0,0,0,0,0,0,0,-0.9749279121818236,-0.2225209339563146,0.4999999999999999,0.8660254037844387,0,0,1,0,0,1,1,0,0,90,90,15,1,451.9127272727272
500107012,25.04585,121.54375,130,19203,5,5,0.1923076923076923,0,0,0,1,0,0,0,0,0,0,0,0,0,0,0,0,-0.9749279121818236,-0.2225209339563146,0.9659258262890684,0.2588190451025207,0,1,0,0,1,0,1,0,0,45,45,15,1,175.9563636363636
500107012,25.04585,121.54375,130,19203,5,5,0.1923076923076923,0,0,0,1,0,0,0,0,0,0,0,0,0,0,0,0,-0.9749279121818236,-0.2225209339563146,0.9659258262890684,0.2588190451025207,0,1,0,0,1,0,1,0,0,45,45,15,1,175.9563636363636
500107022,25.05778,121.53692,130,19203,5,5,0.2765957446808511,0,0,0,1,0,0,0,0,0,0,0,0,0,0,0,0,-0.9749279121818236,-0.2225209339563146,0.9659258262890684,0.2588190451025207,0,1,0,0,1,0,1,0,0,45,45,15,1,175.9563636363636
500107028,25.05246,121.5332,130,16923,4,5,0.36,1,0,0,1,0,0,0,0,0,0,0,0,0,0,0,0,-0.9749279121818236,-0.2225209339563146,0.8660254037844386,0.5000000000000001,0,0,1,0,1,0,0,1,0,90,45,45,1,175.9563636363636
500107029,25.04762,121.54043,130,17894,4,5,0.0,0,0,0,1,0,0,0,0,0,0,0,0,0,0,0,0,-0.9749279121818236,-0.2225209339563146,0.8660254037844386,0.5000000000000001,0,1,0,0,1,0,1,0,0,45,45,15,1,175.9563636363636
500107050,25.06424,121.54037,130,18902,5,5,0.6304347826086957,0,0,0,1,0,0,0,0,0,0,0,0,0,0,0,0,-0.9749279121818236,-0.2225209339563146,0.9659258262890684,0.2588190451025207,0,1,0,0,1,0,1,0,0,45,45,15,1,175.9563636363636
500107051,25.06251,121.53765,130,4082,1,5,0.04,0,0,0,1,0,0,0,0,0,0,0,0,0,0,0,0,-0.9749279121818236,-0.2225209339563146,0.2588190451025207,0.9659258262890684,0,1,0,0,1,0,1,0,0,45,45,15,1,175.9563636363636
500107056,25.07154,121.53058,130,18842,5,5,0.1944444444444444,0,0,0,1,0,0,0,0,0,0,0,0,0,0,0,0,-0.9749279121818236,-0.2225209339563146,0.9659258262890684,0.2588190451025207,0,1,0,0,1,0,1,0,0,45,45,15,1,175.9563636363636
500107062,25.05867,121.53305,130,18242,5,5,0.6122448979591837,1,0,0,1,0,0,0,0,0,0,0,0,0,0,0,0,-0.9749279121818236,-0.2225209339563146,0.9659258262890684,0.2588190451025207,0,1,0,0,1,0,1,0,0,45,45,15,1,175.9563636363636
500107116,25.08476,121.53789,130,13982,3,5,0.7857142857142857,0,0,0,1,0,0,0,0,0,0,0,0,0,0,0,0,-0.9749279121818236,-0.2225209339563146,0.7071067811865476,0.7071067811865476,0,1,0,0,1,0,1,0,0,45,45,15,1,175.9563636363636
500107116,25.08476,121.53789,130,13982,3,5,0.7857142857142857,0,0,0,1,0,0,0,0,0,0,0,0,0,0,0,0,-0.9749279121818236,-0.2225209339563146,0.7071067811865476,0.7071067811865476,0,1,0,0,1,0,1,0,0,45,45,15,1,175.9563636363636
500107155,25.08044,121.56152,130,10383,2,5,0.1142857142857142,0,0,0,1,0,0,0,0,0,0,0,0,0,0,0,0,-0.9749279121818236,-0.2225209339563146,0.4999999999999999,0.8660254037844387,0,1,0,0,1,0,1,0,0,45,45,15,1,175.9563636363636
500108022,25.07932,121.56869,129,83403,23,4,0.0333333333333333,0,1,0,0,0,0,1,0,0,0,0,0,0,0,0,0,-0.433883739117558,-0.9009688679024191,-0.2588190451025215,0.965925826289068,0,0,1,0,1,0,1,0,0,90,45,15,1,175.9563636363636
500108044,25.05827,121.58707,129,70803,19,4,0.0410958904109589,0,0,0,0,0,0,1,0,0,0,0,0,0,0,0,0,-0.433883739117558,-0.9009688679024191,-0.9659258262890684,0.2588190451025203,0,0,1,0,0,1,1,0,0,90,90,15,1,451.9127272727272
500108044,25.05827,121.58707,129,70803,19,4,0.0410958904109589,0,0,0,0,0,0,1,0,0,0,0,0,0,0,0,0,-0.433883739117558,-0.9009688679024191,-0.9659258262890684,0.2588190451025203,0,0,1,0,1,0,1,0,0,90,45,15,1,175.9563636363636
500108071,25.07334,121.61962,130,18542,5,5,0.7142857142857143,0,0,1,0,0,0,1,0,0,0,0,0,0,0,0,0,-0.9749279121818236,-0.2225209339563146,0.9659258262890684,0.2588190451025207,0,1,0,0,1,0,1,0,0,45,45,15,1,175.9563636363636
500108071,25.07334,121.61962,130,18542,5,5,0.7142857142857143,0,0,1,0,0,0,1,0,0,0,0,0,0,0,0,0,-0.9749279121818236,-0.2225209339563146,0.9659258262890684,0.2588190451025207,0,1,0,0,1,0,1,0,0,45,45,15,1,175.9563636363636
500108071,25.07334,121.61962,130,18542,5,5,0.7142857142857143,0,0,1,0,0,0,1,0,0,0,0,0,0,0,0,0,-0.9749279121818236,-0.2225209339563146,0.9659258262890684,0.2588190451025207,0,1,0,0,1,0,1,0,0,45,45,15,1,175.9563636363636
500108071,25.07334,121.61962,130,18542,5,5,0.7142857142857143,0,0,1,0,0,0,1,0,0,0,0,0,0,0,0,0,-0.9749279121818236,-0.2225209339563146,0.9659258262890684,0.2588190451025207,0,1,0,0,1,0,1,0,0,45,45,15,1,175.9563636363636
500109015,25.1378,121.4863,130,19742,5,5,0.0666666666666666,1,0,0,0,0,0,0,1,0,0,0,0,0,0,0,0,-0.9749279121818236,-0.2225209339563146,0.9659258262890684,0.2588190451025207,0,1,0,0,1,0,1,0,0,45,45,15,1,175.9563636363636
500109015,25.1378,121.4863,130,19742,5,5,0.0666666666666666,1,0,0,0,0,0,0,1,0,0,0,0,0,0,0,0,-0.9749279121818236,-0.2225209339563146,0.9659258262890684,0.2588190451025207,0,1,0,0,1,0,1,0,0,45,45,15,1,175.9563636363636
500109022,25.13691,121.49987,130,21974,6,5,0.9047619047619048,0,0,0,0,0,0,0,1,0,0,0,0,0,0,0,0,-0.9749279121818236,-0.2225209339563146,1.0,6.123233995736766e-17,0,1,0,0,1,0,1,0,0,45,45,15,1,175.9563636363636
500109022,25.13691,121.49987,130,21974,6,5,0.9047619047619048,0,0,0,0,0,0,0,1,0,0,0,0,0,0,0,0,-0.9749279121818236,-0.2225209339563146,1.0,6.123233995736766e-17,0,1,0,0,1,0,1,0,0,45,45,15,1,175.9563636363636
500109027,25.12725,121.50676,130,19203,5,5,0.9482758620689656,0,0,1,0,0,0,0,1,0,0,0,0,0,0,0,0,-0.9749279121818236,-0.2225209339563146,0.9659258262890684,0.2588190451025207,0,1,0,0,1,0,1,0,0,45,45,15,1,175.9563636363636
500109027,25.12725,121.50676,130,19203,5,5,0.9482758620689656,0,0,1,0,0,0,0,1,0,0,0,0,0,0,0,0,-0.9749279121818236,-0.2225209339563146,0.9659258262890684,0.2588190451025207,0,1,0,0,1,0,1,0,0,45,45,15,1,175.9563636363636
500109031,25.12087,121.50523,130,18601,5,5,0.1041666666666666,1,0,0,0,0,0,0,1,0,0,0,0,0,0,0,0,-0.9749279121818236,-0.2225209339563146,0.9659258262890684,0.2588190451025207,0,1,0,0,1,0,1,0,0,45,45,15,1,175.9563636363636
500109032,25.11666,121.50962,130,17463,4,5,0.9714285714285714,0,0,0,0,0,0,0,1,0,0,0,0,0,0,0,0,-0.9749279121818236,-0.2225209339563146,0.8660254037844386,0.5000000000000001,0,0,1,0,0,1,1,0,0,90,90,15,1,451.9127272727272
500109032,25.11666,121.50962,130,17463,4,5,0.9714285714285714,0,0,0,0,0,0,0,1,0,0,0,0,0,0,0,0,-0.9749279121818236,-0.2225209339563146,0.8660254037844386,0.5000000000000001,0,0,1,0,1,0,0,1,0,90,45,45,1,175.9563636363636
500109034,25.11451,121.51567,130,13262,3,5,0.6290322580645161,1,0,0,0,0,0,0,1,0,0,0,0,0,0,0,0,-0.9749279121818236,-0.2225209339563146,0.7071067811865476,0.7071067811865476,0,0,1,0,1,0,1,0,0,90,45,15,1,175.9563636363636
500109034,25.11451,121.51567,130,13262,3,5,0.6290322580645161,1,0,0,0,0,0,0,1,0,0,0,0,0,0,0,0,-0.9749279121818236,-0.2225209339563146,0.7071067811865476,0.7071067811865476,0,0,1,0,1,0,0,1,0,90,45,45,1,175.9563636363636
500109053,25.11,121.51841,130,16203,4,5,0.75,1,0,0,0,0,0,0,1,0,0,0,0,0,0,0,0,-0.9749279121818236,-0.2225209339563146,0.8660254037844386,0.5000000000000001,0,1,0,0,1,0,1,0,0,45,45,15,1,175.9563636363636
500109054,25.13102,121.50408,130,18421,5,5,0.8205128205128205,0,1,0,0,0,0,0,1,0,0,0,0,0,0,0,0,-0.9749279121818236,-0.2225209339563146,0.9659258262890684,0.2588190451025207,0,1,0,0,1,0,1,0,0,45,45,15,1,175.9563636363636
500109068,25.13529,121.49664,130,3182,0,5,0.9090909090909092,0,1,0,0,0,0,0,1,0,0,0,0,0,0,0,0,-0.9749279121818236,-0.2225209339563146,0.0,1.0,0,1,0,0,1,0,1,0,0,45,45,15,1,175.9563636363636
500109075,25.13258,121.49862,130,9063,2,5,0.0862068965517241,1,0,0,0,0,0,0,1,0,0,0,0,0,0,0,0,-0.9749279121818236,-0.2225209339563146,0.4999999999999999,0.8660254037844387,0,1,0,0,1,0,1,0,0,45,45,15,1,175.9563636363636
500109081,25.13201,121.49817,130,19561,5,5,0.275,1,0,0,0,0,0,0,1,0,0,0,0,0,0,0,0,-0.9749279121818236,-0.2225209339563146,0.9659258262890684,0.2588190451025207,0,1,0,0,1,0,1,0,0,45,45,15,1,175.9563636363636
500109081,25.13201,121.49817,130,19561,5,5,0.275,1,0,0,0,0,0,0,1,0,0,0,0,0,0,0,0,-0.9749279121818236,-0.2225209339563146,0.9659258262890684,0.2588190451025207,0,1,0,0,1,0,1,0,0,45,45,15,1,175.9563636363636
500109081,25.13201,121.49817,130,19561,5,5,0.275,1,0,0,0,0,0,0,1,0,0,0,0,0,0,0,0,-0.9749279121818236,-0.2225209339563146,0.9659258262890684,0.2588190451025207,0,1,0,0,1,0,1,0,0,45,45,15,1,175.9563636363636
500109092,25.11944,121.51453,129,84376,23,4,0.1,0,0,0,0,0,0,0,1,0,0,0,0,0,0,0,0,-0.433883739117558,-0.9009688679024191,-0.2588190451025215,0.965925826289068,0,1,0,0,1,0,1,0,0,45,45,15,1,175.9563636363636
500110005,25.04878,121.56087,130,8883,2,5,0.2987012987012987,0,0,1,0,0,0,0,0,0,0,0,0,0,1,0,0,-0.9749279121818236,-0.2225209339563146,0.4999999999999999,0.8660254037844387,0,0,1,0,1,0,0,1,0,90,45,45,1,175.9563636363636
500110005,25.04878,121.56087,130,8883,2,5,0.2987012987012987,0,0,1,0,0,0,0,0,0,0,0,0,0,1,0,0,-0.9749279121818236,-0.2225209339563146,0.4999999999999999,0.8660254037844387,0,0,1,0,1,0,1,0,0,90,45,15,1,175.9563636363636
500110005,25.04878,121.56087,130,8883,2,5,0.2987012987012987,0,0,1,0,0,0,0,0,0,0,0,0,0,1,0,0,-0.9749279121818236,-0.2225209339563146,0.4999999999999999,0.8660254037844387,0,0,1,0,0,1,1,0,0,90,90,15,1,451.9127272727272
500110008,25.04937,121.558,130,13022,3,5,0.4838709677419355,0,0,0,0,0,0,0,0,0,0,0,0,0,1,0,0,-0.9749279121818236,-0.2225209339563146,0.7071067811865476,0.7071067811865476,0,1,0,0,1,0,1,0,0,45,45,15,1,175.9563636363636
500110013,25.06095,121.54731,130,14582,4,5,0.4390243902439024,0,1,0,0,0,0,0,0,0,0,0,0,0,1,0,0,-0.9749279121818236,-0.2225209339563146,0.8660254037844386,0.5000000000000001,0,1,0,0,1,0,1,0,0,45,45,15,1,175.9563636363636
500110013,25.06095,121.54731,130,14582,4,5,0.4390243902439024,0,1,0,0,0,0,0,0,0,0,0,0,0,1,0,0,-0.9749279121818236,-0.2225209339563146,0.8660254037844386,0.5000000000000001,0,1,0,0,1,0,1,0,0,45,45,15,1,175.9563636363636
500110021,25.06118,121.55098,130,18542,5,5,0.2083333333333333,0,1,0,0,0,0,0,0,0,0,0,0,0,1,0,0,-0.9749279121818236,-0.2225209339563146,0.9659258262890684,0.2588190451025207,0,1,0,0,1,0,1,0,0,45,45,15,1,175.9563636363636
500110023,25.05925,121.56888,130,15302,4,5,0.7254901960784313,0,1,0,0,0,0,0,0,0,0,0,0,0,1,0,0,-0.9749279121818236,-0.2225209339563146,0.8660254037844386,0.5000000000000001,0,1,0,0,1,0,1,0,0,45,45,15,1,175.9563636363636
500110023,25.05925,121.56888,130,15302,4,5,0.7254901960784313,0,1,0,0,0,0,0,0,0,0,0,0,0,1,0,0,-0.9749279121818236,-0.2225209339563146,0.8660254037844386,0.5000000000000001,0,1,0,0,1,0,1,0,0,45,45,15,1,175.9563636363636
500110036,25.04769,121.5448,130,14582,4,5,0.1515151515151515,0,0,0,0,0,0,0,0,0,0,0,0,0,1,0,0,-0.9749279121818236,-0.2225209339563146,0.8660254037844386,0.5000000000000001,0,1,0,0,1,0,1,0,0,45,45,15,1,175.9563636363636
500110039,25.05408,121.56095,130,17702,4,5,0.7954545454545454,0,0,0,0,0,0,0,0,0,0,0,0,0,1,0,0,-0.9749279121818236,-0.2225209339563146,0.8660254037844386,0.5000000000000001,0,1,0,0,1,0,1,0,0,45,45,15,1,175.9563636363636
500110044,25.05168,121.54506,130,13262,3,5,0.3653846153846153,1,0,0,0,0,0,0,0,0,0,0,0,0,1,0,0,-0.9749279121818236,-0.2225209339563146,0.7071067811865476,0.7071067811865476,0,1,0,0,1,0,1,0,0,45,45,15,1,175.9563636363636
500110046,25.04951,121.54941,130,14055,3,5,0.1276595744680851,0,0,0,0,0,0,0,0,0,0,0,0,0,1,0,0,-0.9749279121818236,-0.2225209339563146,0.7071067811865476,0.7071067811865476,0,1,0,0,1,0,1,0,0,45,45,15,1,175.9563636363636
500110060,25.05567,121.56713,129,84004,23,4,0.8387096774193549,0,0,1,0,0,0,0,0,0,0,0,0,0,1,0,0,-0.433883739117558,-0.9009688679024191,-0.2588190451025215,0.965925826289068,0,1,0,0,1,0,1,0,0,45,45,15,1,175.9563636363636
500110065,25.04802,121.54864,130,15542,4,5,0.0727272727272727,0,0,0,0,0,0,0,0,0,0,0,0,0,1,0,0,-0.9749279121818236,-0.2225209339563146,0.8660254037844386,0.5000000000000001,0,1,0,0,1,0,1,0,0,45,45,15,1,175.9563636363636
500110065,25.04802,121.54864,130,15542,4,5,0.0727272727272727,0,0,0,0,0,0,0,0,0,0,0,0,0,1,0,0,-0.9749279121818236,-0.2225209339563146,0.8660254037844386,0.5000000000000001,0,1,0,0,1,0,1,0,0,45,45,15,1,175.9563636363636
500110073,25.0542,121.5491,130,974,0,5,0.1333333333333333,0,0,0,0,0,0,0,0,0,0,0,0,0,1,0,0,-0.9749279121818236,-0.2225209339563146,0.0,1.0,0,1,0,0,1,0,1,0,0,45,45,15,1,175.9563636363636
500110091,25.05779,121.56167,130,17343,4,5,0.4722222222222222,0,0,0,0,0,0,0,0,0,0,0,0,0,1,0,0,-0.9749279121818236,-0.2225209339563146,0.8660254037844386,0.5000000000000001,0,1,0,0,1,0,1,0,0,45,45,15,1,175.9563636363636
500111003,25.05014,121.59238,130,9302,2,5,0.2153846153846154,1,0,0,0,0,0,0,0,1,0,0,0,0,0,0,0,-0.9749279121818236,-0.2225209339563146,0.4999999999999999,0.8660254037844387,0,0,1,0,1,0,0,1,0,90,45,45,1,175.9563636363636
500111005,25.04437,121.58133,130,3003,0,5,0.1320754716981132,1,0,0,0,0,0,0,0,1,0,0,0,0,0,0,0,-0.9749279121818236,-0.2225209339563146,0.0,1.0,0,1,0,0,1,0,1,0,0,45,45,15,1,175.9563636363636
500111007,25.04608,121.58315,130,14404,4,5,0.4651162790697674,0,0,0,0,0,0,0,0,1,0,0,0,0,0,0,0,-0.9749279121818236,-0.2225209339563146,0.8660254037844386,0.5000000000000001,0,1,0,0,1,0,1,0,0,45,45,15,1,175.9563636363636
500111008,25.04592,121.5882,130,19442,5,5,0.75,0,0,1,0,0,0,0,0,1,0,0,0,0,0,0,0,-0.9749279121818236,-0.2225209339563146,0.9659258262890684,0.2588190451025207,0,1,0,0,1,0,1,0,0,45,45,15,1,175.9563636363636
500111012,25.04763,121.61145,129,81604,22,4,0.3684210526315789,0,1,0,0,0,0,0,0,1,0,0,0,0,0,0,0,-0.433883739117558,-0.9009688679024191,-0.5000000000000004,0.8660254037844384,0,1,0,0,1,0,1,0,0,45,45,15,1,175.9563636363636
500111014,25.04697,121.61375,130,4203,1,5,0.9,0,1,0,0,0,0,0,0,1,0,0,0,0,0,0,0,-0.9749279121818236,-0.2225209339563146,0.2588190451025207,0.9659258262890684,0,1,0,0,1,0,1,0,0,45,45,15,1,175.9563636363636
500111016,25.04139,121.6191,130,6122,1,5,0.9411764705882352,0,0,0,0,0,0,0,0,1,0,0,0,0,0,0,0,-0.9749279121818236,-0.2225209339563146,0.2588190451025207,0.9659258262890684,0,1,0,0,1,0,1,0,0,45,45,15,1,175.9563636363636
500111019,25.05933,121.61677,130,662,0,5,0.1285714285714285,1,1,0,0,0,0,0,0,1,0,0,0,0,0,0,0,-0.9749279121818236,-0.2225209339563146,0.0,1.0,0,0,1,0,1,0,0,1,0,90,45,45,1,175.9563636363636
500111020,25.05668,121.61137,129,67577,18,4,0.951219512195122,0,0,1,0,0,0,0,0,1,0,0,0,0,0,0,0,-0.433883739117558,-0.9009688679024191,-1.0,-1.8369701987210294e-16,0,1,0,0,1,0,1,0,0,45,45,15,1,175.9563636363636
500111020,25.05668,121.61137,129,67577,18,4,0.951219512195122,0,0,1,0,0,0,0,0,1,0,0,0,0,0,0,0,-0.433883739117558,-0.9009688679024191,-1.0,-1.8369701987210294e-16,0,1,0,0,1,0,1,0,0,45,45,15,1,175.9563636363636
500111020,25.05668,121.61137,129,67577,18,4,0.951219512195122,0,0,1,0,0,0,0,0,1,0,0,0,0,0,0,0,-0.433883739117558,-0.9009688679024191,-1.0,-1.8369701987210294e-16,0,1,0,0,1,0,1,0,0,45,45,15,1,175.9563636363636
500111023,25.05716,121.59792,130,1277,0,5,0.7291666666666666,0,1,0,0,0,0,0,0,1,0,0,0,0,0,0,0,-0.9749279121818236,-0.2225209339563146,0.0,1.0,0,1,0,0,1,0,1,0,0,45,45,15,1,175.9563636363636
500111060,25.0582,121.59368,130,18781,5,5,0.7843137254901961,0,0,0,0,0,0,0,0,1,0,0,0,0,0,0,0,-0.9749279121818236,-0.2225209339563146,0.9659258262890684,0.2588190451025207,0,1,0,0,1,0,1,0,0,45,45,15,1,175.9563636363636
500111119,25.05791,121.61704,129,55456,15,4,0.972972972972973,0,0,0,0,0,0,0,0,1,0,0,0,0,0,0,0,-0.433883739117558,-0.9009688679024191,-0.7071067811865471,-0.7071067811865479,0,1,0,0,1,0,1,0,0,45,45,15,1,175.9563636363636
500111119,25.05791,121.61704,129,55456,15,4,0.972972972972973,0,0,0,0,0,0,0,0,1,0,0,0,0,0,0,0,-0.433883739117558,-0.9009688679024191,-0.7071067811865471,-0.7071067811865479,0,1,0,0,1,0,1,0,0,45,45,15,1,175.9563636363636
500112006,25.02698,121.55841,130,19083,5,5,0.6097560975609756,0,1,0,0,0,1,0,0,0,0,0,0,0,0,0,0,-0.9749279121818236,-0.2225209339563146,0.9659258262890684,0.2588190451025207,0,1,0,0,1,0,1,0,0,45,45,15,1,175.9563636363636
500112007,25.02668,121.56175,130,19742,5,5,0.203125,0,0,0,0,0,1,0,0,0,0,0,0,0,0,0,0,-0.9749279121818236,-0.2225209339563146,0.9659258262890684,0.2588190451025207,0,0,1,0,1,0,1,0,0,90,45,15,1,175.9563636363636
500112007,25.02668,121.56175,130,19742,5,5,0.203125,0,0,0,0,0,1,0,0,0,0,0,0,0,0,0,0,-0.9749279121818236,-0.2225209339563146,0.9659258262890684,0.2588190451025207,0,0,1,0,1,0,1,0,0,90,45,15,1,175.9563636363636
500112009,25.03162,121.57396,130,18302,5,5,0.3,0,0,0,0,0,1,0,0,0,0,0,0,0,0,0,0,-0.9749279121818236,-0.2225209339563146,0.9659258262890684,0.2588190451025207,0,0,1,0,1,0,1,0,0,90,45,15,1,175.9563636363636
500112009,25.03162,121.57396,130,18302,5,5,0.3,0,0,0,0,0,1,0,0,0,0,0,0,0,0,0,0,-0.9749279121818236,-0.2225209339563146,0.9659258262890684,0.2588190451025207,0,0,1,0,1,0,1,0,0,90,45,15,1,175.9563636363636
500112010,25.03222,121.56974,130,4442,1,5,0.1707317073170731,1,0,0,0,0,1,0,0,0,0,0,0,0,0,0,0,-0.9749279121818236,-0.2225209339563146,0.2588190451025207,0.9659258262890684,0,1,0,0,1,0,1,0,0,45,45,15,1,175.9563636363636
500112011,25.02863,121.56981,130,19203,5,5,0.0833333333333333,0,1,0,0,0,1,0,0,0,0,0,0,0,0,0,0,-0.9749279121818236,-0.2225209339563146,0.9659258262890684,0.2588190451025207,0,1,0,0,1,0,1,0,0,45,45,15,1,175.9563636363636
500112015,25.03471,121.57301,130,16742,4,5,0.5087719298245614,0,0,0,0,0,1,0,0,0,0,0,0,0,0,0,0,-0.9749279121818236,-0.2225209339563146,0.8660254037844386,0.5000000000000001,0,1,0,0,1,0,1,0,0,45,45,15,1,175.9563636363636
500112017,25.02868,121.56672,130,19742,5,5,0.490566037735849,0,0,0,0,0,1,0,0,0,0,0,0,0,0,0,0,-0.9749279121818236,-0.2225209339563146,0.9659258262890684,0.2588190451025207,0,1,0,0,1,0,1,0,0,45,45,15,1,175.9563636363636
500112017,25.02868,121.56672,130,19742,5,5,0.490566037735849,0,0,0,0,0,1,0,0,0,0,0,0,0,0,0,0,-0.9749279121818236,-0.2225209339563146,0.9659258262890684,0.2588190451025207,0,1,0,0,1,0,1,0,0,45,45,15,1,175.9563636363636
500112018,25.03189,121.56678,129,83955,23,4,0.0571428571428571,0,0,0,0,0,1,0,0,0,0,0,0,0,0,0,0,-0.433883739117558,-0.9009688679024191,-0.2588190451025215,0.965925826289068,0,1,0,0,1,0,1,0,0,45,45,15,1,175.9563636363636
500112022,25.03452,121.5576,130,19083,5,5,0.875,0,0,0,0,0,1,0,0,0,0,0,0,0,0,0,0,-0.9749279121818236,-0.2225209339563146,0.9659258262890684,0.2588190451025207,0,1,0,0,1,0,1,0,0,45,45,15,1,175.9563636363636
500112029,25.03801,121.56541,130,18781,5,5,0.0634920634920634,0,0,0,0,0,1,0,0,0,0,0,0,0,0,0,0,-0.9749279121818236,-0.2225209339563146,0.9659258262890684,0.2588190451025207,0,0,1,0,1,0,1,0,0,90,45,15,1,175.9563636363636
500112032,25.03899,121.56369,130,18781,5,5,0.037037037037037,0,0,0,0,0,1,0,0,0,0,0,0,0,0,0,0,-0.9749279121818236,-0.2225209339563146,0.9659258262890684,0.2588190451025207,0,1,0,0,1,0,1,0,0,45,45,15,1,175.9563636363636
500112032,25.03899,121.56369,130,18781,5,5,0.037037037037037,0,0,0,0,0,1,0,0,0,0,0,0,0,0,0,0,-0.9749279121818236,-0.2225209339563146,0.9659258262890684,0.2588190451025207,0,1,0,0,1,0,1,0,0,45,45,15,1,175.9563636363636
500112035,25.03306,121.5662,130,17582,4,5,0.3333333333333333,0,0,0,0,0,1,0,0,0,0,0,0,0,0,0,0,-0.9749279121818236,-0.2225209339563146,0.8660254037844386,0.5000000000000001,0,1,0,0,1,0,1,0,0,45,45,15,1,175.9563636363636
500112037,25.0427,121.58112,130,15903,4,5,0.7317073170731707,0,1,0,0,0,1,0,0,0,0,0,0,0,0,0,0,-0.9749279121818236,-0.2225209339563146,0.8660254037844386,0.5000000000000001,0,1,0,0,1,0,1,0,0,45,45,15,1,175.9563636363636
500112039,25.03846,121.58618,130,17702,4,5,0.8571428571428571,0,0,1,0,0,1,0,0,0,0,0,0,0,0,0,0,-0.9749279121818236,-0.2225209339563146,0.8660254037844386,0.5000000000000001,0,1,0,0,1,0,1,0,0,45,45,15,1,175.9563636363636
500112039,25.03846,121.58618,130,17702,4,5,0.8571428571428571,0,0,1,0,0,1,0,0,0,0,0,0,0,0,0,0,-0.9749279121818236,-0.2225209339563146,0.8660254037844386,0.5000000000000001,0,1,0,0,1,0,1,0,0,45,45,15,1,175.9563636363636
500112043,25.0401,121.56822,130,18601,5,5,0.2769230769230769,0,0,0,0,0,1,0,0,0,0,0,0,0,0,0,0,-0.9749279121818236,-0.2225209339563146,0.9659258262890684,0.2588190451025207,0,0,1,0,1,0,1,0,0,90,45,15,1,175.9563636363636
500112045,25.02388,121.56984,130,19083,5,5,0.7321428571428571,0,0,0,0,0,1,0,0,0,0,0,0,0,0,0,0,-0.9749279121818236,-0.2225209339563146,0.9659258262890684,0.2588190451025207,0,1,0,0,1,0,1,0,0,45,45,15,1,175.9563636363636
500112049,25.0489,121.57841,130,19203,5,5,0.1428571428571428,0,0,0,0,0,1,0,0,0,0,0,0,0,0,0,0,-0.9749279121818236,-0.2225209339563146,0.9659258262890684,0.2588190451025207,0,0,1,0,1,0,0,1,0,90,45,45,1,175.9563636363636
500112051,25.04548,121.57207,130,18902,5,5,0.9142857142857144,0,0,0,0,0,1,0,0,0,0,0,0,0,0,0,0,-0.9749279121818236,-0.2225209339563146,0.9659258262890684,0.2588190451025207,0,1,0,0,1,0,1,0,0,45,45,15,1,175.9563636363636
500112054,25.0433,121.5638,130,17881,4,5,0.8095238095238095,0,0,1,0,0,1,0,0,0,0,0,0,0,0,0,0,-0.9749279121818236,-0.2225209339563146,0.8660254037844386,0.5000000000000001,0,1,0,0,1,0,1,0,0,45,45,15,1,175.9563636363636
500112054,25.0433,121.5638,130,17881,4,5,0.8095238095238095,0,0,1,0,0,1,0,0,0,0,0,0,0,0,0,0,-0.9749279121818236,-0.2225209339563146,0.8660254037844386,0.5000000000000001,0,1,0,0,1,0,1,0,0,45,45,15,1,175.9563636363636
500112054,25.0433,121.5638,130,17881,4,5,0.8095238095238095,0,0,1,0,0,1,0,0,0,0,0,0,0,0,0,0,-0.9749279121818236,-0.2225209339563146,0.8660254037844386,0.5000000000000001,0,1,0,0,1,0,1,0,0,45,45,15,1,175.9563636363636
500112054,25.0433,121.5638,130,17881,4,5,0.8095238095238095,0,0,1,0,0,1,0,0,0,0,0,0,0,0,0,0,-0.9749279121818236,-0.2225209339563146,0.8660254037844386,0.5000000000000001,0,1,0,0,1,0,1,0,0,45,45,15,1,175.9563636363636
500112064,25.03295,121.5712,130,12004,3,5,0.5098039215686274,1,0,0,0,0,1,0,0,0,0,0,0,0,0,0,0,-0.9749279121818236,-0.2225209339563146,0.7071067811865476,0.7071067811865476,0,1,0,0,1,0,1,0,0,45,45,15,1,175.9563636363636
500112066,25.03511,121.56369,130,13262,3,5,0.1296296296296296,0,0,0,0,0,1,0,0,0,0,0,0,0,0,0,0,-0.9749279121818236,-0.2225209339563146,0.7071067811865476,0.7071067811865476,0,1,0,0,1,0,1,0,0,45,45,15,1,175.9563636363636
500112072,25.03593,121.57906,130,16382,4,5,0.5319148936170213,0,0,1,0,0,1,0,0,0,0,0,0,0,0,0,0,-0.9749279121818236,-0.2225209339563146,0.8660254037844386,0.5000000000000001,0,1,0,0,1,0,1,0,0,45,45,15,1,175.9563636363636
500112081,25.03656,121.56866,130,18063,5,5,0.0166666666666666,0,0,0,0,0,1,0,0,0,0,0,0,0,0,0,0,-0.9749279121818236,-0.2225209339563146,0.9659258262890684,0.2588190451025207,0,0,1,0,1,0,1,0,0,90,45,15,1,175.9563636363636
500112082,25.03404,121.56598,130,22335,6,5,0.0,0,0,0,0,0,1,0,0,0,0,0,0,0,0,0,0,-0.9749279121818236,-0.2225209339563146,1.0,6.123233995736766e-17,0,0,1,0,1,0,1,0,0,90,45,15,1,175.9563636363636
500112082,25.03404,121.56598,130,22335,6,5,0.0,0,0,0,0,0,1,0,0,0,0,0,0,0,0,0,0,-0.9749279121818236,-0.2225209339563146,1.0,6.123233995736766e-17,0,0,1,0,1,0,1,0,0,90,45,15,1,175.9563636363636
500112085,25.04084,121.56789,130,18004,5,5,0.217391304347826,1,0,0,0,0,1,0,0,0,0,0,0,0,0,0,0,-0.9749279121818236,-0.2225209339563146,0.9659258262890684,0.2588190451025207,0,0,1,0,1,0,0,1,0,90,45,45,1,175.9563636363636
500112119,25.03284,121.56555,130,16923,4,5,0.0392156862745098,0,0,0,0,0,1,0,0,0,0,0,0,0,0,0,0,-0.9749279121818236,-0.2225209339563146,0.8660254037844386,0.5000000000000001,0,1,0,0,1,0,1,0,0,45,45,15,1,175.9563636363636
500112119,25.03284,121.56555,130,16923,4,5,0.0392156862745098,0,0,0,0,0,1,0,0,0,0,0,0,0,0,0,0,-0.9749279121818236,-0.2225209339563146,0.8660254037844386,0.5000000000000001,0,1,0,0,1,0,1,0,0,45,45,15,1,175.9563636363636
500112119,25.03284,121.56555,130,16923,4,5,0.0392156862745098,0,0,0,0,0,1,0,0,0,0,0,0,0,0,0,0,-0.9749279121818236,-0.2225209339563146,0.8660254037844386,0.5000000000000001,0,1,0,0,1,0,1,0,0,45,45,15,1,175.9563636363636
500113008,25.02594,121.50651,130,17881,4,5,0.6274509803921569,0,0,0,0,0,0,0,0,0,0,0,0,0,0,0,1,-0.9749279121818236,-0.2225209339563146,0.8660254037844386,0.5000000000000001,0,1,0,0,1,0,1,0,0,45,45,15,1,175.9563636363636
500113022,25.02744,121.49619,130,14523,4,5,0.46,0,0,1,0,0,0,0,0,0,0,0,0,0,0,0,1,-0.9749279121818236,-0.2225209339563146,0.8660254037844386,0.5000000000000001,0,1,0,0,1,0,1,0,0,45,45,15,1,175.9563636363636
500113022,25.02744,121.49619,130,14523,4,5,0.46,0,0,1,0,0,0,0,0,0,0,0,0,0,0,0,1,-0.9749279121818236,-0.2225209339563146,0.8660254037844386,0.5000000000000001,0,1,0,0,1,0,1,0,0,45,45,15,1,175.9563636363636
500113030,25.03124,121.49075,130,3003,0,5,0.2,0,0,1,0,0,0,0,0,0,0,0,0,0,0,0,1,-0.9749279121818236,-0.2225209339563146,0.0,1.0,0,1,0,0,1,0,1,0,0,45,45,15,1,175.9563636363636
500113030,25.03124,121.49075,130,3003,0,5,0.2,0,0,1,0,0,0,0,0,0,0,0,0,0,0,0,1,-0.9749279121818236,-0.2225209339563146,0.0,1.0,0,1,0,0,1,0,1,0,0,45,45,15,1,175.9563636363636
500113035,25.04441,121.50541,130,18842,5,5,0.0851063829787234,0,1,0,0,0,0,0,0,0,0,0,0,0,0,0,1,-0.9749279121818236,-0.2225209339563146,0.9659258262890684,0.2588190451025207,0,1,0,0,1,0,1,0,0,45,45,15,1,175.9563636363636
500113038,25.04099,121.50769,130,14881,4,5,0.2758620689655172,0,0,0,0,0,0,0,0,0,0,0,0,0,0,0,1,-0.9749279121818236,-0.2225209339563146,0.8660254037844386,0.5000000000000001,0,0,1,0,1,0,0,1,0,90,45,45,1,175.9563636363636
500113042,25.03852,121.49881,130,16742,4,5,0.7647058823529411,0,1,0,0,0,0,0,0,0,0,0,0,0,0,0,1,-0.9749279121818236,-0.2225209339563146,0.8660254037844386,0.5000000000000001,0,1,0,0,1,0,1,0,0,45,45,15,1,175.9563636363636
500113042,25.03852,121.49881,130,16742,4,5,0.7647058823529411,0,1,0,0,0,0,0,0,0,0,0,0,0,0,0,1,-0.9749279121818236,-0.2225209339563146,0.8660254037844386,0.5000000000000001,0,1,0,0,1,0,1,0,0,45,45,15,1,175.9563636363636
500113044,25.03364,121.50322,130,17942,4,5,0.3962264150943396,0,0,0,0,0,0,0,0,0,0,0,0,0,0,0,1,-0.9749279121818236,-0.2225209339563146,0.8660254037844386,0.5000000000000001,0,1,0,0,1,0,1,0,0,45,45,15,1,175.9563636363636
500113057,25.03731,121.49526,130,18781,5,5,0.8823529411764706,0,1,0,0,0,0,0,0,0,0,0,0,0,0,0,1,-0.9749279121818236,-0.2225209339563146,0.9659258262890684,0.2588190451025207,0,1,0,0,1,0,1,0,0,45,45,15,1,175.9563636363636
500113066,25.02273,121.50271,130,10383,2,5,0.9130434782608696,0,1,0,0,0,0,0,0,0,0,0,0,0,0,0,1,-0.9749279121818236,-0.2225209339563146,0.4999999999999999,0.8660254037844387,0,1,0,0,1,0,1,0,0,45,45,15,1,175.9563636363636
500113068,25.03548,121.50026,130,18302,5,5,0.03125,1,0,0,0,0,0,0,0,0,0,0,0,0,0,0,1,-0.9749279121818236,-0.2225209339563146,0.9659258262890684,0.2588190451025207,0,0,1,0,1,0,1,0,0,90,45,15,1,175.9563636363636
500113068,25.03548,121.50026,130,18302,5,5,0.03125,1,0,0,0,0,0,0,0,0,0,0,0,0,0,0,1,-0.9749279121818236,-0.2225209339563146,0.9659258262890684,0.2588190451025207,0,0,1,0,1,0,1,0,0,90,45,15,1,175.9563636363636
500119005,25.01493,121.53044,130,14281,3,5,0.6486486486486487,0,0,0,0,0,0,0,0,0,0,0,0,0,0,1,0,-0.9749279121818236,-0.2225209339563146,0.7071067811865476,0.7071067811865476,0,1,0,0,1,0,1,0,0,45,45,15,1,175.9563636363636
500119006,25.01466,121.52917,130,13382,3,5,0.358695652173913,0,0,0,0,0,0,0,0,0,0,0,0,0,0,1,0,-0.9749279121818236,-0.2225209339563146,0.7071067811865476,0.7071067811865476,0,0,1,0,1,0,0,1,0,90,45,45,1,175.9563636363636
500119006,25.01466,121.52917,130,13382,3,5,0.358695652173913,0,0,0,0,0,0,0,0,0,0,0,0,0,0,1,0,-0.9749279121818236,-0.2225209339563146,0.7071067811865476,0.7071067811865476,0,0,1,0,1,0,0,1,0,90,45,45,1,175.9563636363636
500119043,25.01729,121.54531,130,8461,2,5,0.9047619047619048,0,0,0,0,0,0,0,0,0,0,0,0,0,0,1,0,-0.9749279121818236,-0.2225209339563146,0.4999999999999999,0.8660254037844387,0,1,0,0,1,0,1,0,0,45,45,15,1,175.9563636363636
500119045,25.01839,121.53404,129,85803,23,4,0.6222222222222222,0,0,0,0,0,0,0,0,0,0,0,0,0,0,1,0,-0.433883739117558,-0.9009688679024191,-0.2588190451025215,0.965925826289068,0,1,0,0,1,0,1,0,0,45,45,15,1,175.9563636363636
500119049,25.01981,121.53903,130,16457,4,5,0.0303030303030303,0,0,0,0,0,0,0,0,0,0,0,0,0,0,1,0,-0.9749279121818236,-0.2225209339563146,0.8660254037844386,0.5000000000000001,0,0,1,0,1,0,1,0,0,90,45,15,1,175.9563636363636
500119070,25.01561,121.53583,130,13262,3,5,0.7708333333333334,0,0,0,0,0,0,0,0,0,0,0,0,0,0,1,0,-0.9749279121818236,-0.2225209339563146,0.7071067811865476,0.7071067811865476,0,1,0,0,1,0,1,0,0,45,45,15,1,175.9563636363636
500119075,25.01761,121.53995,130,18063,5,5,0.0208333333333333,0,0,0,0,0,0,0,0,0,0,0,0,0,0,1,0,-0.9749279121818236,-0.2225209339563146,0.9659258262890684,0.2588190451025207,0,1,0,0,1,0,1,0,0,45,45,15,1,175.9563636363636
500119075,25.01761,121.53995,130,18063,5,5,0.0208333333333333,0,0,0,0,0,0,0,0,0,0,0,0,0,0,1,0,-0.9749279121818236,-0.2225209339563146,0.9659258262890684,0.2588190451025207,0,1,0,0,1,0,1,0,0,45,45,15,1,175.9563636363636
500119077,25.0189,121.536,129,62356,17,4,0.75,0,0,0,0,0,0,0,0,0,0,0,0,0,0,1,0,-0.433883739117558,-0.9009688679024191,-0.9659258262890684,-0.2588190451025206,0,1,0,0,1,0,1,0,0,45,45,15,1,175.9563636363636
500119086,25.01804,121.53928,130,16874,4,5,0.0588235294117647,0,0,0,0,0,0,0,0,0,0,0,0,0,0,1,0,-0.9749279121818236,-0.2225209339563146,0.8660254037844386,0.5000000000000001,0,1,0,0,1,0,1,0,0,45,45,15,1,175.9563636363636
500119090,25.02112,121.53591,130,19095,5,5,0.0392156862745098,0,0,0,0,0,0,0,0,0,0,0,0,0,0,1,0,-0.9749279121818236,-0.2225209339563146,0.9659258262890684,0.2588190451025207,0,1,0,0,1,0,1,0,0,45,45,15,1,175.9563636363636
500119096,25.01547,121.52892,130,5342,1,5,0.1717171717171717,0,0,0,0,0,0,0,0,0,0,0,0,0,0,1,0,-0.9749279121818236,-0.2225209339563146,0.2588190451025207,0.9659258262890684,0,0,1,0,1,0,0,0,1,90,45,90,1,175.9563636363636
500119096,25.01547,121.52892,130,5342,1,5,0.1717171717171717,0,0,0,0,0,0,0,0,0,0,0,0,0,0,1,0,-0.9749279121818236,-0.2225209339563146,0.2588190451025207,0.9659258262890684,0,0,1,0,1,0,0,0,1,90,45,90,1,175.9563636363636
500119097,25.0182,121.53476,129,84004,23,4,0.6268656716417911,0,0,0,0,0,0,0,0,0,0,0,0,0,0,1,0,-0.433883739117558,-0.9009688679024191,-0.2588190451025215,0.965925826289068,0,0,1,0,1,0,1,0,0,90,45,15,1,175.9563636363636
500119097,25.0182,121.53476,129,84004,23,4,0.6268656716417911,0,0,0,0,0,0,0,0,0,0,0,0,0,0,1,0,-0.433883739117558,-0.9009688679024191,-0.2588190451025215,0.965925826289068,0,0,1,0,1,0,1,0,0,90,45,15,1,175.9563636363636
