sno,latitude,longitude,day_of_year,seconds_of_day,hour,weekday,usage_ratio,is_near_mrt,is_near_park,is_near_school,district_中山區,district_中正區,district_信義區,district_內湖區,district_北投區,district_南港區,district_士林區,district_大同區,district_大安區,district_文山區,district_松山區,district_臺大公館校區,district_萬華區,weekday_sin,weekday_cos,hour_sin,hour_cos,total_0_30,total_30_60,total_60_plus,rent_0_30,rent_30_60,rent_60_plus,return_0_30,return_30_60,return_60_plus,total_bikes,rent_bikes,return_bikes,prediction_error,residual,standardized_error,is_high_error,residual_sign
500101022,25.01491,121.53438,130,14956,4,5,0.3737373737373737,1,0,0,0,0,0,0,0,0,0,0,1,0,0,0,0,-0.9749279121818236,-0.2225209339563146,0.8660254037844386,0.5000000000000001,0,0,1,0,1,0,0,1,0,90,45,45,43.119757527132535,-39.50664136622391,4.1603897658972855,1,under
500101022,25.01491,121.53438,130,14956,4,5,0.3737373737373737,1,0,0,0,0,0,0,0,0,0,0,1,0,0,0,0,-0.9749279121818236,-0.2225209339563146,0.8660254037844386,0.5000000000000001,0,0,1,0,1,0,0,1,0,90,45,45,43.119757527132535,-39.50664136622391,4.1603897658972855,1,under
500101022,25.01491,121.53438,130,14956,4,5,0.3737373737373737,1,0,0,0,0,0,0,0,0,0,0,1,0,0,0,0,-0.9749279121818236,-0.2225209339563146,0.8660254037844386,0.5000000000000001,0,0,1,1,0,0,0,0,1,90,15,90,55.12312781173605,-44.5066413662239,5.685347518541509,1,under
500101022,25.01491,121.53438,130,14956,4,5,0.3737373737373737,1,0,0,0,0,0,0,0,0,0,0,1,0,0,0,0,-0.9749279121818236,-0.2225209339563146,0.8660254037844386,0.5000000000000001,0,0,1,1,0,0,0,0,1,90,15,90,55.12312781173605,-44.5066413662239,5.685347518541509,1,under
500101025,25.01295,121.53973,130,8342,2,5,0.0303030303030303,0,0,0,0,0,0,0,0,0,0,0,1,0,0,0,0,-0.9749279121818236,-0.2225209339563146,0.4999999999999999,0.8660254037844387,0,0,1,1,0,0,0,0,1,90,15,90,55.12312781173605,-44.5066413662239,5.685347518541509,1,under
500101025,25.01295,121.53973,130,8342,2,5,0.0303030303030303,0,0,0,0,0,0,0,0,0,0,0,1,0,0,0,0,-0.9749279121818236,-0.2225209339563146,0.4999999999999999,0.8660254037844387,0,0,1,1,0,0,0,0,1,90,15,90,55.12312781173605,-44.5066413662239,5.685347518541509,1,under
500101025,25.01295,121.53973,130,8342,2,5,0.0303030303030303,0,0,0,0,0,0,0,0,0,0,0,1,0,0,0,0,-0.9749279121818236,-0.2225209339563146,0.4999999999999999,0.8660254037844387,0,0,1,0,1,0,0,0,1,90,45,90,57.553633246085255,-54.5066413662239,5.99412897050662,1,under
500101025,25.01295,121.53973,130,8342,2,5,0.0303030303030303,0,0,0,0,0,0,0,0,0,0,0,1,0,0,0,0,-0.9749279121818236,-0.2225209339563146,0.4999999999999999,0.8660254037844387,0,0,1,0,0,1,0,1,0,90,90,45,58.26753563788806,-54.5066413662239,6.084826079834936,1,under
500101032,25.01637,121.54535,130,17894,4,5,0.9836065573770492,0,0,0,0,0,0,0,0,0,0,0,1,0,0,0,0,-0.9749279121818236,-0.2225209339563146,0.8660254037844386,0.5000000000000001,0,0,1,0,0,1,1,0,0,90,90,15,56.35927225306496,-44.5066413662239,5.842392415474375,1,under
500101032,25.01637,121.54535,130,17894,4,5,0.9836065573770492,0,0,0,0,0,0,0,0,0,0,0,1,0,0,0,0,-0.9749279121818236,-0.2225209339563146,0.8660254037844386,0.5000000000000001,0,0,1,1,0,0,0,0,1,90,15,90,55.12312781173605,-44.5066413662239,5.685347518541509,1,under
500101032,25.01637,121.54535,130,17894,4,5,0.9836065573770492,0,0,0,0,0,0,0,0,0,0,0,1,0,0,0,0,-0.9749279121818236,-0.2225209339563146,0.8660254037844386,0.5000000000000001,0,0,1,0,1,0,1,0,0,90,45,15,40.50401645246118,-29.506641366223906,3.8280752128882454,1,under
500101032,25.01637,121.54535,130,17894,4,5,0.9836065573770492,0,0,0,0,0,0,0,0,0,0,0,1,0,0,0,0,-0.9749279121818236,-0.2225209339563146,0.8660254037844386,0.5000000000000001,0,0,1,1,0,0,0,0,1,90,15,90,55.12312781173605,-44.5066413662239,5.685347518541509,1,under
500101101,25.02397,121.55266,130,13022,3,5,0.3125,1,0,0,0,0,0,0,0,0,0,0,1,0,0,0,0,-0.9749279121818236,-0.2225209339563146,0.7071067811865476,0.7071067811865476,0,0,1,1,0,0,0,1,0,90,15,45,39.8177348567545,-29.506641366223906,3.740887163610757,1,under
500101101,25.02397,121.55266,130,13022,3,5,0.3125,1,0,0,0,0,0,0,0,0,0,0,1,0,0,0,0,-0.9749279121818236,-0.2225209339563146,0.7071067811865476,0.7071067811865476,0,0,1,1,0,0,0,1,0,90,15,45,39.8177348567545,-29.506641366223906,3.740887163610757,1,under
500101101,25.02397,121.55266,130,13022,3,5,0.3125,1,0,0,0,0,0,0,0,0,0,0,1,0,0,0,0,-0.9749279121818236,-0.2225209339563146,0.7071067811865476,0.7071067811865476,0,0,1,1,0,0,0,1,0,90,15,45,39.8177348567545,-29.506641366223906,3.740887163610757,1,under
500101101,25.02397,121.55266,130,13022,3,5,0.3125,1,0,0,0,0,0,0,0,0,0,0,1,0,0,0,0,-0.9749279121818236,-0.2225209339563146,0.7071067811865476,0.7071067811865476,0,0,1,1,0,0,0,1,0,90,15,45,39.8177348567545,-29.506641366223906,3.740887163610757,1,under
500101110,25.0276,121.52217,130,19203,5,5,0.2,1,0,0,0,0,0,0,0,0,0,0,1,0,0,0,0,-0.9749279121818236,-0.2225209339563146,0.9659258262890684,0.2588190451025207,0,0,1,1,0,0,0,1,0,90,15,45,39.8177348567545,-29.506641366223906,3.740887163610757,1,under
500101110,25.0276,121.52217,130,19203,5,5,0.2,1,0,0,0,0,0,0,0,0,0,0,1,0,0,0,0,-0.9749279121818236,-0.2225209339563146,0.9659258262890684,0.2588190451025207,0,0,1,1,0,0,0,1,0,90,15,45,39.8177348567545,-29.506641366223906,3.740887163610757,1,under
500101110,25.0276,121.52217,130,19203,5,5,0.2,1,0,0,0,0,0,0,0,0,0,0,1,0,0,0,0,-0.9749279121818236,-0.2225209339563146,0.9659258262890684,0.2588190451025207,0,0,1,1,0,0,0,1,0,90,15,45,39.8177348567545,-29.506641366223906,3.740887163610757,1,under
500101110,25.0276,121.52217,130,19203,5,5,0.2,1,0,0,0,0,0,0,0,0,0,0,1,0,0,0,0,-0.9749279121818236,-0.2225209339563146,0.9659258262890684,0.2588190451025207,0,0,1,1,0,0,0,1,0,90,15,45,39.8177348567545,-29.506641366223906,3.740887163610757,1,under
500101137,25.04092,121.54825,130,18004,5,5,0.3571428571428571,0,0,0,0,0,0,0,0,0,0,0,1,0,0,0,0,-0.9749279121818236,-0.2225209339563146,0.9659258262890684,0.2588190451025207,0,0,1,1,0,0,0,1,0,90,15,45,39.8177348567545,-29.506641366223906,3.740887163610757,1,under
500101137,25.04092,121.54825,130,18004,5,5,0.3571428571428571,0,0,0,0,0,0,0,0,0,0,0,1,0,0,0,0,-0.9749279121818236,-0.2225209339563146,0.9659258262890684,0.2588190451025207,0,0,1,1,0,0,0,1,0,90,15,45,39.8177348567545,-29.506641366223906,3.740887163610757,1,under
500101137,25.04092,121.54825,130,18004,5,5,0.3571428571428571,0,0,0,0,0,0,0,0,0,0,0,1,0,0,0,0,-0.9749279121818236,-0.2225209339563146,0.9659258262890684,0.2588190451025207,0,0,1,1,0,0,0,0,1,90,15,90,55.12312781173605,-44.5066413662239,5.685347518541509,1,under
500101137,25.04092,121.54825,130,18004,5,5,0.3571428571428571,0,0,0,0,0,0,0,0,0,0,0,1,0,0,0,0,-0.9749279121818236,-0.2225209339563146,0.9659258262890684,0.2588190451025207,0,0,1,1,0,0,0,1,0,90,15,45,39.8177348567545,-29.506641366223906,3.740887163610757,1,under
500101144,25.03332,121.53435,130,17161,4,5,0.2608695652173913,1,1,0,0,0,0,0,0,0,0,0,1,0,0,0,0,-0.9749279121818236,-0.2225209339563146,0.8660254037844386,0.5000000000000001,0,0,1,1,0,0,0,1,0,90,15,45,39.8177348567545,-29.506641366223906,3.740887163610757,1,under
500101144,25.03332,121.53435,130,17161,4,5,0.2608695652173913,1,1,0,0,0,0,0,0,0,0,0,1,0,0,0,0,-0.9749279121818236,-0.2225209339563146,0.8660254037844386,0.5000000000000001,0,0,1,0,1,0,0,1,0,90,45,45,43.119757527132535,-39.50664136622391,4.1603897658972855,1,under
500101144,25.03332,121.53435,130,17161,4,5,0.2608695652173913,1,1,0,0,0,0,0,0,0,0,0,1,0,0,0,0,-0.9749279121818236,-0.2225209339563146,0.8660254037844386,0.5000000000000001,0,0,1,0,1,0,1,0,0,90,45,15,40.50401645246118,-29.506641366223906,3.8280752128882454,1,under
500101144,25.03332,121.53435,130,17161,4,5,0.2608695652173913,1,1,0,0,0,0,0,0,0,0,0,1,0,0,0,0,-0.9749279121818236,-0.2225209339563146,0.8660254037844386,0.5000000000000001,0,0,1,1,0,0,0,0,1,90,15,90,55.12312781173605,-44.5066413662239,5.685347518541509,1,under
500101181,25.01551,121.53374,130,15616,4,5,0.6161616161616161,1,0,0,0,0,0,0,0,0,0,0,1,0,0,0,0,-0.9749279121818236,-0.2225209339563146,0.8660254037844386,0.5000000000000001,0,0,1,0,0,1,0,1,0,90,90,45,58.26753563788806,-54.5066413662239,6.084826079834936,1,under
500101181,25.01551,121.53374,130,15616,4,5,0.6161616161616161,1,0,0,0,0,0,0,0,0,0,0,1,0,0,0,0,-0.9749279121818236,-0.2225209339563146,0.8660254037844386,0.5000000000000001,0,0,1,0,1,0,0,0,1,90,45,90,57.553633246085255,-54.5066413662239,5.99412897050662,1,under
500101181,25.01551,121.53374,130,15616,4,5,0.6161616161616161,1,0,0,0,0,0,0,0,0,0,0,1,0,0,0,0,-0.9749279121818236,-0.2225209339563146,0.8660254037844386,0.5000000000000001,0,0,1,1,0,0,0,0,1,90,15,90,55.12312781173605,-44.5066413662239,5.685347518541509,1,under
500101181,25.01551,121.53374,130,15616,4,5,0.6161616161616161,1,0,0,0,0,0,0,0,0,0,0,1,0,0,0,0,-0.9749279121818236,-0.2225209339563146,0.8660254037844386,0.5000000000000001,0,0,1,1,0,0,0,0,1,90,15,90,55.12312781173605,-44.5066413662239,5.685347518541509,1,under
500103009,25.07133,121.52024,130,18601,5,5,0.3950617283950617,1,0,0,0,0,0,0,0,0,0,1,0,0,0,0,0,-0.9749279121818236,-0.2225209339563146,0.9659258262890684,0.2588190451025207,0,0,1,0,1,0,0,1,0,90,45,45,43.119757527132535,-39.50664136622391,4.1603897658972855,1,under
500103009,25.07133,121.52024,130,18601,5,5,0.3950617283950617,1,0,0,0,0,0,0,0,0,0,1,0,0,0,0,0,-0.9749279121818236,-0.2225209339563146,0.9659258262890684,0.2588190451025207,0,0,1,0,1,0,1,0,0,90,45,15,40.50401645246118,-29.506641366223906,3.8280752128882454,1,under
500103009,25.07133,121.52024,130,18601,5,5,0.3950617283950617,1,0,0,0,0,0,0,0,0,0,1,0,0,0,0,0,-0.9749279121818236,-0.2225209339563146,0.9659258262890684,0.2588190451025207,0,0,1,0,1,0,0,1,0,90,45,45,43.119757527132535,-39.50664136622391,4.1603897658972855,1,under
500103009,25.07133,121.52024,130,18601,5,5,0.3950617283950617,1,0,0,0,0,0,0,0,0,0,1,0,0,0,0,0,-0.9749279121818236,-0.2225209339563146,0.9659258262890684,0.2588190451025207,0,0,1,0,1,0,1,0,0,90,45,15,40.50401645246118,-29.506641366223906,3.8280752128882454,1,under
500103011,25.07567,121.51862,129,65775,18,4,0.046875,0,0,1,0,0,0,0,0,0,0,1,0,0,0,0,0,-0.433883739117558,-0.9009688679024191,-1.0,-1.8369701987210294e-16,0,0,1,1,0,0,0,0,1,90,15,90,55.12312781173605,-44.5066413662239,5.685347518541509,1,under
500103011,25.07567,121.51862,129,65775,18,4,0.046875,0,0,1,0,0,0,0,0,0,0,1,0,0,0,0,0,-0.433883739117558,-0.9009688679024191,-1.0,-1.8369701987210294e-16,0,0,1,1,0,0,0,0,1,90,15,90,55.12312781173605,-44.5066413662239,5.685347518541509,1,under
500103011,25.07567,121.51862,129,65775,18,4,0.046875,0,0,1,0,0,0,0,0,0,0,1,0,0,0,0,0,-0.433883739117558,-0.9009688679024191,-1.0,-1.8369701987210294e-16,0,0,1,0,0,1,1,0,0,90,90,15,56.35927225306496,-44.5066413662239,5.842392415474375,1,under
500103011,25.07567,121.51862,129,65775,18,4,0.046875,0,0,1,0,0,0,0,0,0,0,1,0,0,0,0,0,-0.433883739117558,-0.9009688679024191,-1.0,-1.8369701987210294e-16,0,0,1,0,1,0,1,0,0,90,45,15,40.50401645246118,-29.506641366223906,3.8280752128882454,1,under
500103028,25.04991,121.5104,130,18362,5,5,0.4838709677419355,1,0,0,0,0,0,0,0,0,0,1,0,0,0,0,0,-0.9749279121818236,-0.2225209339563146,0.9659258262890684,0.2588190451025207,0,0,1,0,1,0,0,1,0,90,45,45,43.119757527132535,-39.50664136622391,4.1603897658972855,1,under
500103028,25.04991,121.5104,130,18362,5,5,0.4838709677419355,1,0,0,0,0,0,0,0,0,0,1,0,0,0,0,0,-0.9749279121818236,-0.2225209339563146,0.9659258262890684,0.2588190451025207,0,0,1,1,0,0,0,0,1,90,15,90,55.12312781173605,-44.5066413662239,5.685347518541509,1,under
500103028,25.04991,121.5104,130,18362,5,5,0.4838709677419355,1,0,0,0,0,0,0,0,0,0,1,0,0,0,0,0,-0.9749279121818236,-0.2225209339563146,0.9659258262890684,0.2588190451025207,0,0,1,0,1,0,1,0,0,90,45,15,40.50401645246118,-29.506641366223906,3.8280752128882454,1,under
500103028,25.04991,121.5104,130,18362,5,5,0.4838709677419355,1,0,0,0,0,0,0,0,0,0,1,0,0,0,0,0,-0.9749279121818236,-0.2225209339563146,0.9659258262890684,0.2588190451025207,0,0,1,1,0,0,0,1,0,90,15,45,39.8177348567545,-29.506641366223906,3.740887163610757,1,under
500104031,25.08403,121.5249,130,19742,5,5,0.1212121212121212,0,0,0,0,0,0,0,0,0,1,0,0,0,0,0,0,-0.9749279121818236,-0.2225209339563146,0.9659258262890684,0.2588190451025207,0,0,1,1,0,0,0,1,0,90,15,45,39.8177348567545,-29.506641366223906,3.740887163610757,1,under
500104031,25.08403,121.5249,130,19742,5,5,0.1212121212121212,0,0,0,0,0,0,0,0,0,1,0,0,0,0,0,0,-0.9749279121818236,-0.2225209339563146,0.9659258262890684,0.2588190451025207,0,0,1,0,1,0,1,0,0,90,45,15,40.50401645246118,-29.506641366223906,3.8280752128882454,1,under
500104031,25.08403,121.5249,130,19742,5,5,0.1212121212121212,0,0,0,0,0,0,0,0,0,1,0,0,0,0,0,0,-0.9749279121818236,-0.2225209339563146,0.9659258262890684,0.2588190451025207,0,0,1,1,0,0,0,1,0,90,15,45,39.8177348567545,-29.506641366223906,3.740887163610757,1,under
500104031,25.08403,121.5249,130,19742,5,5,0.1212121212121212,0,0,0,0,0,0,0,0,0,1,0,0,0,0,0,0,-0.9749279121818236,-0.2225209339563146,0.9659258262890684,0.2588190451025207,0,0,1,1,0,0,1,0,0,90,15,15,36.969093425527014,-19.506641366223906,3.3789839870815843,1,under
500104091,25.08577,121.52531,130,18902,5,5,0.1428571428571428,1,0,0,0,0,0,0,0,0,1,0,0,0,0,0,0,-0.9749279121818236,-0.2225209339563146,0.9659258262890684,0.2588190451025207,0,0,1,1,0,0,0,0,1,90,15,90,55.12312781173605,-44.5066413662239,5.685347518541509,1,under
500104091,25.08577,121.52531,130,18902,5,5,0.1428571428571428,1,0,0,0,0,0,0,0,0,1,0,0,0,0,0,0,-0.9749279121818236,-0.2225209339563146,0.9659258262890684,0.2588190451025207,0,0,1,0,1,0,1,0,0,90,45,15,40.50401645246118,-29.506641366223906,3.8280752128882454,1,under
500104091,25.08577,121.52531,130,18902,5,5,0.1428571428571428,1,0,0,0,0,0,0,0,0,1,0,0,0,0,0,0,-0.9749279121818236,-0.2225209339563146,0.9659258262890684,0.2588190451025207,0,0,1,1,0,0,0,0,1,90,15,90,55.12312781173605,-44.5066413662239,5.685347518541509,1,under
500104091,25.08577,121.52531,130,18902,5,5,0.1428571428571428,1,0,0,0,0,0,0,0,0,1,0,0,0,0,0,0,-0.9749279121818236,-0.2225209339563146,0.9659258262890684,0.2588190451025207,0,0,1,1,0,0,0,0,1,90,15,90,55.12312781173605,-44.5066413662239,5.685347518541509,1,under
500104108,25.10336,121.52263,130,13202,3,5,0.032258064516129,1,0,0,0,0,0,0,0,0,1,0,0,0,0,0,0,-0.9749279121818236,-0.2225209339563146,0.7071067811865476,0.7071067811865476,0,0,1,1,0,0,0,0,1,90,15,90,55.12312781173605,-44.5066413662239,5.685347518541509,1,under
500104108,25.10336,121.52263,130,13202,3,5,0.032258064516129,1,0,0,0,0,0,0,0,0,1,0,0,0,0,0,0,-0.9749279121818236,-0.2225209339563146,0.7071067811865476,0.7071067811865476,0,0,1,1,0,0,0,1,0,90,15,45,39.8177348567545,-29.506641366223906,3.740887163610757,1,under
500104108,25.10336,121.52263,130,13202,3,5,0.032258064516129,1,0,0,0,0,0,0,0,0,1,0,0,0,0,0,0,-0.9749279121818236,-0.2225209339563146,0.7071067811865476,0.7071067811865476,0,0,1,1,0,0,0,1,0,90,15,45,39.8177348567545,-29.506641366223906,3.740887163610757,1,under
500104108,25.10336,121.52263,130,13202,3,5,0.032258064516129,1,0,0,0,0,0,0,0,0,1,0,0,0,0,0,0,-0.9749279121818236,-0.2225209339563146,0.7071067811865476,0.7071067811865476,0,0,1,1,0,0,0,1,0,90,15,45,39.8177348567545,-29.506641366223906,3.740887163610757,1,under
500105007,24.99366,121.54124,130,20237,5,5,0.0158730158730158,1,0,0,0,0,0,0,0,0,0,0,0,1,0,0,0,-0.9749279121818236,-0.2225209339563146,0.9659258262890684,0.2588190451025207,0,0,1,1,0,0,0,0,1,90,15,90,55.12312781173605,-44.5066413662239,5.685347518541509,1,under
500105007,24.99366,121.54124,130,20237,5,5,0.0158730158730158,1,0,0,0,0,0,0,0,0,0,0,0,1,0,0,0,-0.9749279121818236,-0.2225209339563146,0.9659258262890684,0.2588190451025207,0,0,1,0,1,0,1,0,0,90,45,15,40.50401645246118,-29.506641366223906,3.8280752128882454,1,under
500105007,24.99366,121.54124,130,20237,5,5,0.0158730158730158,1,0,0,0,0,0,0,0,0,0,0,0,1,0,0,0,-0.9749279121818236,-0.2225209339563146,0.9659258262890684,0.2588190451025207,0,0,1,0,1,0,1,0,0,90,45,15,40.50401645246118,-29.506641366223906,3.8280752128882454,1,under
500105007,24.99366,121.54124,130,20237,5,5,0.0158730158730158,1,0,0,0,0,0,0,0,0,0,0,0,1,0,0,0,-0.9749279121818236,-0.2225209339563146,0.9659258262890684,0.2588190451025207,0,0,1,0,1,0,1,0,0,90,45,15,40.50401645246118,-29.506641366223906,3.8280752128882454,1,under
500105018,24.98737,121.57726,130,15242,4,5,0.532258064516129,0,0,0,0,0,0,0,0,0,0,0,0,1,0,0,0,-0.9749279121818236,-0.2225209339563146,0.8660254037844386,0.5000000000000001,0,0,1,0,1,0,1,0,0,90,45,15,40.50401645246118,-29.506641366223906,3.8280752128882454,1,under
500105018,24.98737,121.57726,130,15242,4,5,0.532258064516129,0,0,0,0,0,0,0,0,0,0,0,0,1,0,0,0,-0.9749279121818236,-0.2225209339563146,0.8660254037844386,0.5000000000000001,0,0,1,1,0,0,0,1,0,90,15,45,39.8177348567545,-29.506641366223906,3.740887163610757,1,under
500105018,24.98737,121.57726,130,15242,4,5,0.532258064516129,0,0,0,0,0,0,0,0,0,0,0,0,1,0,0,0,-0.9749279121818236,-0.2225209339563146,0.8660254037844386,0.5000000000000001,0,0,1,0,0,1,1,0,0,90,90,15,56.35927225306496,-44.5066413662239,5.842392415474375,1,under
500105018,24.98737,121.57726,130,15242,4,5,0.532258064516129,0,0,0,0,0,0,0,0,0,0,0,0,1,0,0,0,-0.9749279121818236,-0.2225209339563146,0.8660254037844386,0.5000000000000001,0,0,1,0,1,0,1,0,0,90,45,15,40.50401645246118,-29.506641366223906,3.8280752128882454,1,under
500106018,25.02723,121.51659,130,18842,5,5,0.3188405797101449,0,0,0,0,1,0,0,0,0,0,0,0,0,0,0,0,-0.9749279121818236,-0.2225209339563146,0.9659258262890684,0.2588190451025207,0,0,1,1,0,0,0,1,0,90,15,45,39.8177348567545,-29.506641366223906,3.740887163610757,1,under
500106018,25.02723,121.51659,130,18842,5,5,0.3188405797101449,0,0,0,0,1,0,0,0,0,0,0,0,0,0,0,0,-0.9749279121818236,-0.2225209339563146,0.9659258262890684,0.2588190451025207,0,0,1,1,0,0,0,1,0,90,15,45,39.8177348567545,-29.506641366223906,3.740887163610757,1,under
500106018,25.02723,121.51659,130,18842,5,5,0.3188405797101449,0,0,0,0,1,0,0,0,0,0,0,0,0,0,0,0,-0.9749279121818236,-0.2225209339563146,0.9659258262890684,0.2588190451025207,0,0,1,1,0,0,0,1,0,90,15,45,39.8177348567545,-29.506641366223906,3.740887163610757,1,under
500106018,25.02723,121.51659,130,18842,5,5,0.3188405797101449,0,0,0,0,1,0,0,0,0,0,0,0,0,0,0,0,-0.9749279121818236,-0.2225209339563146,0.9659258262890684,0.2588190451025207,0,0,1,1,0,0,0,0,1,90,15,90,55.12312781173605,-44.5066413662239,5.685347518541509,1,under
500106055,25.03545,121.51327,130,16682,4,5,0.074074074074074,0,0,0,0,1,0,0,0,0,0,0,0,0,0,0,0,-0.9749279121818236,-0.2225209339563146,0.8660254037844386,0.5000000000000001,0,0,1,1,0,0,0,0,1,90,15,90,55.12312781173605,-44.5066413662239,5.685347518541509,1,under
500106055,25.03545,121.51327,130,16682,4,5,0.074074074074074,0,0,0,0,1,0,0,0,0,0,0,0,0,0,0,0,-0.9749279121818236,-0.2225209339563146,0.8660254037844386,0.5000000000000001,0,0,1,1,0,0,0,0,1,90,15,90,55.12312781173605,-44.5066413662239,5.685347518541509,1,under
500106055,25.03545,121.51327,130,16682,4,5,0.074074074074074,0,0,0,0,1,0,0,0,0,0,0,0,0,0,0,0,-0.9749279121818236,-0.2225209339563146,0.8660254037844386,0.5000000000000001,0,0,1,0,0,1,1,0,0,90,90,15,56.35927225306496,-44.5066413662239,5.842392415474375,1,under
500106055,25.03545,121.51327,130,16682,4,5,0.074074074074074,0,0,0,0,1,0,0,0,0,0,0,0,0,0,0,0,-0.9749279121818236,-0.2225209339563146,0.8660254037844386,0.5000000000000001,0,0,1,0,1,0,0,1,0,90,45,45,43.119757527132535,-39.50664136622391,4.1603897658972855,1,under
500106057,25.0459,121.53068,130,19322,5,5,0.0571428571428571,0,0,0,0,1,0,0,0,0,0,0,0,0,0,0,0,-0.9749279121818236,-0.2225209339563146,0.9659258262890684,0.2588190451025207,0,0,1,1,0,0,0,0,1,90,15,90,55.12312781173605,-44.5066413662239,5.685347518541509,1,under
500106057,25.0459,121.53068,130,19322,5,5,0.0571428571428571,0,0,0,0,1,0,0,0,0,0,0,0,0,0,0,0,-0.9749279121818236,-0.2225209339563146,0.9659258262890684,0.2588190451025207,0,0,1,1,0,0,0,0,1,90,15,90,55.12312781173605,-44.5066413662239,5.685347518541509,1,under
500106057,25.0459,121.53068,130,19322,5,5,0.0571428571428571,0,0,0,0,1,0,0,0,0,0,0,0,0,0,0,0,-0.9749279121818236,-0.2225209339563146,0.9659258262890684,0.2588190451025207,0,0,1,1,0,0,0,1,0,90,15,45,39.8177348567545,-29.506641366223906,3.740887163610757,1,under
500106057,25.0459,121.53068,130,19322,5,5,0.0571428571428571,0,0,0,0,1,0,0,0,0,0,0,0,0,0,0,0,-0.9749279121818236,-0.2225209339563146,0.9659258262890684,0.2588190451025207,0,0,1,1,0,0,0,0,1,90,15,90,55.12312781173605,-44.5066413662239,5.685347518541509,1,under
500106062,25.04297,121.51643,130,18601,5,5,0.0333333333333333,1,0,0,0,1,0,0,0,0,0,0,0,0,0,0,0,-0.9749279121818236,-0.2225209339563146,0.9659258262890684,0.2588190451025207,0,0,1,1,0,0,0,1,0,90,15,45,39.8177348567545,-29.506641366223906,3.740887163610757,1,under
500106062,25.04297,121.51643,130,18601,5,5,0.0333333333333333,1,0,0,0,1,0,0,0,0,0,0,0,0,0,0,0,-0.9749279121818236,-0.2225209339563146,0.9659258262890684,0.2588190451025207,0,0,1,1,0,0,0,1,0,90,15,45,39.8177348567545,-29.506641366223906,3.740887163610757,1,under
500106062,25.04297,121.51643,130,18601,5,5,0.0333333333333333,1,0,0,0,1,0,0,0,0,0,0,0,0,0,0,0,-0.9749279121818236,-0.2225209339563146,0.9659258262890684,0.2588190451025207,0,0,1,1,0,0,0,1,0,90,15,45,39.8177348567545,-29.506641366223906,3.740887163610757,1,under
500106062,25.04297,121.51643,130,18601,5,5,0.0333333333333333,1,0,0,0,1,0,0,0,0,0,0,0,0,0,0,0,-0.9749279121818236,-0.2225209339563146,0.9659258262890684,0.2588190451025207,0,0,1,1,0,0,0,1,0,90,15,45,39.8177348567545,-29.506641366223906,3.740887163610757,1,under
500106067,25.04842,121.51994,130,19742,5,5,0.25,0,0,0,0,1,0,0,0,0,0,0,0,0,0,0,0,-0.9749279121818236,-0.2225209339563146,0.9659258262890684,0.2588190451025207,0,0,1,1,0,0,0,1,0,90,15,45,39.8177348567545,-29.506641366223906,3.740887163610757,1,under
500106067,25.04842,121.51994,130,19742,5,5,0.25,0,0,0,0,1,0,0,0,0,0,0,0,0,0,0,0,-0.9749279121818236,-0.2225209339563146,0.9659258262890684,0.2588190451025207,0,0,1,1,0,0,0,1,0,90,15,45,39.8177348567545,-29.506641366223906,3.740887163610757,1,under
500106067,25.04842,121.51994,130,19742,5,5,0.25,0,0,0,0,1,0,0,0,0,0,0,0,0,0,0,0,-0.9749279121818236,-0.2225209339563146,0.9659258262890684,0.2588190451025207,0,0,1,1,0,0,0,1,0,90,15,45,39.8177348567545,-29.506641366223906,3.740887163610757,1,under
500106067,25.04842,121.51994,130,19742,5,5,0.25,0,0,0,0,1,0,0,0,0,0,0,0,0,0,0,0,-0.9749279121818236,-0.2225209339563146,0.9659258262890684,0.2588190451025207,0,0,1,1,0,0,0,0,1,90,15,90,55.12312781173605,-44.5066413662239,5.685347518541509,1,under
500106132,25.03896,121.51093,130,8281,2,5,0.072463768115942,0,0,0,0,1,0,0,0,0,0,0,0,0,0,0,0,-0.9749279121818236,-0.2225209339563146,0.4999999999999999,0.8660254037844387,0,0,1,1,0,0,0,0,1,90,15,90,55.12312781173605,-44.5066413662239,5.685347518541509,1,under
500106132,25.03896,121.51093,130,8281,2,5,0.072463768115942,0,0,0,0,1,0,0,0,0,0,0,0,0,0,0,0,-0.9749279121818236,-0.2225209339563146,0.4999999999999999,0.8660254037844387,0,0,1,1,0,0,0,1,0,90,15,45,39.8177348567545,-29.506641366223906,3.740887163610757,1,under
500106132,25.03896,121.51093,130,8281,2,5,0.072463768115942,0,0,0,0,1,0,0,0,0,0,0,0,0,0,0,0,-0.9749279121818236,-0.2225209339563146,0.4999999999999999,0.8660254037844387,0,0,1,0,0,1,1,0,0,90,90,15,56.35927225306496,-44.5066413662239,5.842392415474375,1,under
500106132,25.03896,121.51093,130,8281,2,5,0.072463768115942,0,0,0,0,1,0,0,0,0,0,0,0,0,0,0,0,-0.9749279121818236,-0.2225209339563146,0.4999999999999999,0.8660254037844387,0,0,1,0,0,1,1,0,0,90,90,15,56.35927225306496,-44.5066413662239,5.842392415474375,1,under
500107023,25.05606,121.54175,130,18781,5,5,0.4516129032258064,0,0,0,1,0,0,0,0,0,0,0,0,0,0,0,0,-0.9749279121818236,-0.2225209339563146,0.9659258262890684,0.2588190451025207,0,0,1,1,0,0,0,1,0,90,15,45,39.8177348567545,-29.506641366223906,3.740887163610757,1,under
500107023,25.05606,121.54175,130,18781,5,5,0.4516129032258064,0,0,0,1,0,0,0,0,0,0,0,0,0,0,0,0,-0.9749279121818236,-0.2225209339563146,0.9659258262890684,0.2588190451025207,0,0,1,1,0,0,0,1,0,90,15,45,39.8177348567545,-29.506641366223906,3.740887163610757,1,under
500107023,25.05606,121.54175,130,18781,5,5,0.4516129032258064,0,0,0,1,0,0,0,0,0,0,0,0,0,0,0,0,-0.9749279121818236,-0.2225209339563146,0.9659258262890684,0.2588190451025207,0,0,1,1,0,0,0,1,0,90,15,45,39.8177348567545,-29.506641366223906,3.740887163610757,1,under
500107023,25.05606,121.54175,130,18781,5,5,0.4516129032258064,0,0,0,1,0,0,0,0,0,0,0,0,0,0,0,0,-0.9749279121818236,-0.2225209339563146,0.9659258262890684,0.2588190451025207,0,0,1,1,0,0,0,0,1,90,15,90,55.12312781173605,-44.5066413662239,5.685347518541509,1,under
500107024,25.06106,121.54406,130,18362,5,5,0.3114754098360656,1,0,1,1,0,0,0,0,0,0,0,0,0,0,0,0,-0.9749279121818236,-0.2225209339563146,0.9659258262890684,0.2588190451025207,0,0,1,1,0,0,0,1,0,90,15,45,39.8177348567545,-29.506641366223906,3.740887163610757,1,under
500107024,25.06106,121.54406,130,18362,5,5,0.3114754098360656,1,0,1,1,0,0,0,0,0,0,0,0,0,0,0,0,-0.9749279121818236,-0.2225209339563146,0.9659258262890684,0.2588190451025207,0,0,1,1,0,0,0,1,0,90,15,45,39.8177348567545,-29.506641366223906,3.740887163610757,1,under
500107024,25.06106,121.54406,130,18362,5,5,0.3114754098360656,1,0,1,1,0,0,0,0,0,0,0,0,0,0,0,0,-0.9749279121818236,-0.2225209339563146,0.9659258262890684,0.2588190451025207,0,0,1,1,0,0,1,0,0,90,15,15,36.969093425527014,-19.506641366223906,3.3789839870815843,1,under
500107024,25.06106,121.54406,130,18362,5,5,0.3114754098360656,1,0,1,1,0,0,0,0,0,0,0,0,0,0,0,0,-0.9749279121818236,-0.2225209339563146,0.9659258262890684,0.2588190451025207,0,0,1,1,0,0,1,0,0,90,15,15,36.969093425527014,-19.506641366223906,3.3789839870815843,1,under
500107028,25.05246,121.5332,130,16923,4,5,0.36,1,0,0,1,0,0,0,0,0,0,0,0,0,0,0,0,-0.9749279121818236,-0.2225209339563146,0.8660254037844386,0.5000000000000001,0,0,1,1,0,0,0,1,0,90,15,45,39.8177348567545,-29.506641366223906,3.740887163610757,1,under
500107028,25.05246,121.5332,130,16923,4,5,0.36,1,0,0,1,0,0,0,0,0,0,0,0,0,0,0,0,-0.9749279121818236,-0.2225209339563146,0.8660254037844386,0.5000000000000001,0,0,1,0,1,0,0,1,0,90,45,45,43.119757527132535,-39.50664136622391,4.1603897658972855,1,under
500107028,25.05246,121.5332,130,16923,4,5,0.36,1,0,0,1,0,0,0,0,0,0,0,0,0,0,0,0,-0.9749279121818236,-0.2225209339563146,0.8660254037844386,0.5000000000000001,0,0,1,1,0,0,0,0,1,90,15,90,55.12312781173605,-44.5066413662239,5.685347518541509,1,under
500107028,25.05246,121.5332,130,16923,4,5,0.36,1,0,0,1,0,0,0,0,0,0,0,0,0,0,0,0,-0.9749279121818236,-0.2225209339563146,0.8660254037844386,0.5000000000000001,0,0,1,1,0,0,0,0,1,90,15,90,55.12312781173605,-44.5066413662239,5.685347518541509,1,under
500108022,25.07932,121.56869,129,83403,23,4,0.0333333333333333,0,1,0,0,0,0,1,0,0,0,0,0,0,0,0,0,-0.433883739117558,-0.9009688679024191,-0.2588190451025215,0.965925826289068,0,0,1,1,0,0,0,1,0,90,15,45,39.8177348567545,-29.506641366223906,3.740887163610757,1,under
500108022,25.07932,121.56869,129,83403,23,4,0.0333333333333333,0,1,0,0,0,0,1,0,0,0,0,0,0,0,0,0,-0.433883739117558,-0.9009688679024191,-0.2588190451025215,0.965925826289068,0,0,1,1,0,0,0,1,0,90,15,45,39.8177348567545,-29.506641366223906,3.740887163610757,1,under
500108022,25.07932,121.56869,129,83403,23,4,0.0333333333333333,0,1,0,0,0,0,1,0,0,0,0,0,0,0,0,0,-0.433883739117558,-0.9009688679024191,-0.2588190451025215,0.965925826289068,0,0,1,1,0,0,0,1,0,90,15,45,39.8177348567545,-29.506641366223906,3.740887163610757,1,under
500108022,25.07932,121.56869,129,83403,23,4,0.0333333333333333,0,1,0,0,0,0,1,0,0,0,0,0,0,0,0,0,-0.433883739117558,-0.9009688679024191,-0.2588190451025215,0.965925826289068,0,0,1,0,1,0,1,0,0,90,45,15,40.50401645246118,-29.506641366223906,3.8280752128882454,1,under
500108044,25.05827,121.58707,129,70803,19,4,0.0410958904109589,0,0,0,0,0,0,1,0,0,0,0,0,0,0,0,0,-0.433883739117558,-0.9009688679024191,-0.9659258262890684,0.2588190451025203,0,0,1,1,0,0,0,0,1,90,15,90,55.12312781173605,-44.5066413662239,5.685347518541509,1,under
500108044,25.05827,121.58707,129,70803,19,4,0.0410958904109589,0,0,0,0,0,0,1,0,0,0,0,0,0,0,0,0,-0.433883739117558,-0.9009688679024191,-0.9659258262890684,0.2588190451025203,0,0,1,1,0,0,0,0,1,90,15,90,55.12312781173605,-44.5066413662239,5.685347518541509,1,under
500108044,25.05827,121.58707,129,70803,19,4,0.0410958904109589,0,0,0,0,0,0,1,0,0,0,0,0,0,0,0,0,-0.433883739117558,-0.9009688679024191,-0.9659258262890684,0.2588190451025203,0,0,1,0,0,1,1,0,0,90,90,15,56.35927225306496,-44.5066413662239,5.842392415474375,1,under
500108044,25.05827,121.58707,129,70803,19,4,0.0410958904109589,0,0,0,0,0,0,1,0,0,0,0,0,0,0,0,0,-0.433883739117558,-0.9009688679024191,-0.9659258262890684,0.2588190451025203,0,0,1,0,1,0,1,0,0,90,45,15,40.50401645246118,-29.506641366223906,3.8280752128882454,1,under
500109007,25.11739,121.46288,130,19561,5,5,0.1290322580645161,0,0,0,0,0,0,0,1,0,0,0,0,0,0,0,0,-0.9749279121818236,-0.2225209339563146,0.9659258262890684,0.2588190451025207,0,0,1,1,0,0,0,1,0,90,15,45,39.8177348567545,-29.506641366223906,3.740887163610757,1,under
500109007,25.11739,121.46288,130,19561,5,5,0.1290322580645161,0,0,0,0,0,0,0,1,0,0,0,0,0,0,0,0,-0.9749279121818236,-0.2225209339563146,0.9659258262890684,0.2588190451025207,0,0,1,1,0,0,0,1,0,90,15,45,39.8177348567545,-29.506641366223906,3.740887163610757,1,under
500109007,25.11739,121.46288,130,19561,5,5,0.1290322580645161,0,0,0,0,0,0,0,1,0,0,0,0,0,0,0,0,-0.9749279121818236,-0.2225209339563146,0.9659258262890684,0.2588190451025207,0,0,1,1,0,0,0,1,0,90,15,45,39.8177348567545,-29.506641366223906,3.740887163610757,1,under
500109007,25.11739,121.46288,130,19561,5,5,0.1290322580645161,0,0,0,0,0,0,0,1,0,0,0,0,0,0,0,0,-0.9749279121818236,-0.2225209339563146,0.9659258262890684,0.2588190451025207,0,0,1,1,0,0,0,1,0,90,15,45,39.8177348567545,-29.506641366223906,3.740887163610757,1,under
500109011,25.12397,121.46712,130,18842,5,5,0.101010101010101,1,0,0,0,0,0,0,1,0,0,0,0,0,0,0,0,-0.9749279121818236,-0.2225209339563146,0.9659258262890684,0.2588190451025207,0,0,1,1,0,0,0,0,1,90,15,90,55.12312781173605,-44.5066413662239,5.685347518541509,1,under
500109011,25.12397,121.46712,130,18842,5,5,0.101010101010101,1,0,0,0,0,0,0,1,0,0,0,0,0,0,0,0,-0.9749279121818236,-0.2225209339563146,0.9659258262890684,0.2588190451025207,0,0,1,1,0,0,0,0,1,90,15,90,55.12312781173605,-44.5066413662239,5.685347518541509,1,under
500109011,25.12397,121.46712,130,18842,5,5,0.101010101010101,1,0,0,0,0,0,0,1,0,0,0,0,0,0,0,0,-0.9749279121818236,-0.2225209339563146,0.9659258262890684,0.2588190451025207,0,0,1,1,0,0,0,0,1,90,15,90,55.12312781173605,-44.5066413662239,5.685347518541509,1,under
500109011,25.12397,121.46712,130,18842,5,5,0.101010101010101,1,0,0,0,0,0,0,1,0,0,0,0,0,0,0,0,-0.9749279121818236,-0.2225209339563146,0.9659258262890684,0.2588190451025207,0,0,1,1,0,0,0,0,1,90,15,90,55.12312781173605,-44.5066413662239,5.685347518541509,1,under
500109032,25.11666,121.50962,130,17463,4,5,0.9714285714285714,0,0,0,0,0,0,0,1,0,0,0,0,0,0,0,0,-0.9749279121818236,-0.2225209339563146,0.8660254037844386,0.5000000000000001,0,0,1,0,0,1,1,0,0,90,90,15,56.35927225306496,-44.5066413662239,5.842392415474375,1,under
500109032,25.11666,121.50962,130,17463,4,5,0.9714285714285714,0,0,0,0,0,0,0,1,0,0,0,0,0,0,0,0,-0.9749279121818236,-0.2225209339563146,0.8660254037844386,0.5000000000000001,0,0,1,0,1,0,0,1,0,90,45,45,43.119757527132535,-39.50664136622391,4.1603897658972855,1,under
500109032,25.11666,121.50962,130,17463,4,5,0.9714285714285714,0,0,0,0,0,0,0,1,0,0,0,0,0,0,0,0,-0.9749279121818236,-0.2225209339563146,0.8660254037844386,0.5000000000000001,0,0,1,1,0,0,0,0,1,90,15,90,55.12312781173605,-44.5066413662239,5.685347518541509,1,under
500109032,25.11666,121.50962,130,17463,4,5,0.9714285714285714,0,0,0,0,0,0,0,1,0,0,0,0,0,0,0,0,-0.9749279121818236,-0.2225209339563146,0.8660254037844386,0.5000000000000001,0,0,1,1,0,0,0,0,1,90,15,90,55.12312781173605,-44.5066413662239,5.685347518541509,1,under
500109034,25.11451,121.51567,130,13262,3,5,0.6290322580645161,1,0,0,0,0,0,0,1,0,0,0,0,0,0,0,0,-0.9749279121818236,-0.2225209339563146,0.7071067811865476,0.7071067811865476,0,0,1,0,1,0,1,0,0,90,45,15,40.50401645246118,-29.506641366223906,3.8280752128882454,1,under
500109034,25.11451,121.51567,130,13262,3,5,0.6290322580645161,1,0,0,0,0,0,0,1,0,0,0,0,0,0,0,0,-0.9749279121818236,-0.2225209339563146,0.7071067811865476,0.7071067811865476,0,0,1,0,1,0,0,1,0,90,45,45,43.119757527132535,-39.50664136622391,4.1603897658972855,1,under
500109034,25.11451,121.51567,130,13262,3,5,0.6290322580645161,1,0,0,0,0,0,0,1,0,0,0,0,0,0,0,0,-0.9749279121818236,-0.2225209339563146,0.7071067811865476,0.7071067811865476,0,0,1,1,0,0,0,1,0,90,15,45,39.8177348567545,-29.506641366223906,3.740887163610757,1,under
500109034,25.11451,121.51567,130,13262,3,5,0.6290322580645161,1,0,0,0,0,0,0,1,0,0,0,0,0,0,0,0,-0.9749279121818236,-0.2225209339563146,0.7071067811865476,0.7071067811865476,0,0,1,1,0,0,0,1,0,90,15,45,39.8177348567545,-29.506641366223906,3.740887163610757,1,under
500110005,25.04878,121.56087,130,8883,2,5,0.2987012987012987,0,0,1,0,0,0,0,0,0,0,0,0,0,1,0,0,-0.9749279121818236,-0.2225209339563146,0.4999999999999999,0.8660254037844387,0,0,1,1,0,0,0,1,0,90,15,45,39.8177348567545,-29.506641366223906,3.740887163610757,1,under
500110005,25.04878,121.56087,130,8883,2,5,0.2987012987012987,0,0,1,0,0,0,0,0,0,0,0,0,0,1,0,0,-0.9749279121818236,-0.2225209339563146,0.4999999999999999,0.8660254037844387,0,0,1,0,1,0,0,1,0,90,45,45,43.119757527132535,-39.50664136622391,4.1603897658972855,1,under
500110005,25.04878,121.56087,130,8883,2,5,0.2987012987012987,0,0,1,0,0,0,0,0,0,0,0,0,0,1,0,0,-0.9749279121818236,-0.2225209339563146,0.4999999999999999,0.8660254037844387,0,0,1,0,1,0,1,0,0,90,45,15,40.50401645246118,-29.506641366223906,3.8280752128882454,1,under
500110005,25.04878,121.56087,130,8883,2,5,0.2987012987012987,0,0,1,0,0,0,0,0,0,0,0,0,0,1,0,0,-0.9749279121818236,-0.2225209339563146,0.4999999999999999,0.8660254037844387,0,0,1,0,0,1,1,0,0,90,90,15,56.35927225306496,-44.5066413662239,5.842392415474375,1,under
500110014,25.05804,121.54897,130,18542,5,5,0.1666666666666666,0,0,0,0,0,0,0,0,0,0,0,0,0,1,0,0,-0.9749279121818236,-0.2225209339563146,0.9659258262890684,0.2588190451025207,0,0,1,1,0,0,0,1,0,90,15,45,39.8177348567545,-29.506641366223906,3.740887163610757,1,under
500110014,25.05804,121.54897,130,18542,5,5,0.1666666666666666,0,0,0,0,0,0,0,0,0,0,0,0,0,1,0,0,-0.9749279121818236,-0.2225209339563146,0.9659258262890684,0.2588190451025207,0,0,1,1,0,0,0,0,1,90,15,90,55.12312781173605,-44.5066413662239,5.685347518541509,1,under
500110014,25.05804,121.54897,130,18542,5,5,0.1666666666666666,0,0,0,0,0,0,0,0,0,0,0,0,0,1,0,0,-0.9749279121818236,-0.2225209339563146,0.9659258262890684,0.2588190451025207,0,0,1,1,0,0,0,1,0,90,15,45,39.8177348567545,-29.506641366223906,3.740887163610757,1,under
500110014,25.05804,121.54897,130,18542,5,5,0.1666666666666666,0,0,0,0,0,0,0,0,0,0,0,0,0,1,0,0,-0.9749279121818236,-0.2225209339563146,0.9659258262890684,0.2588190451025207,0,0,1,1,0,0,0,1,0,90,15,45,39.8177348567545,-29.506641366223906,3.740887163610757,1,under
500111003,25.05014,121.59238,130,9302,2,5,0.2153846153846154,1,0,0,0,0,0,0,0,1,0,0,0,0,0,0,0,-0.9749279121818236,-0.2225209339563146,0.4999999999999999,0.8660254037844387,0,0,1,1,0,0,0,1,0,90,15,45,39.8177348567545,-29.506641366223906,3.740887163610757,1,under
500111003,25.05014,121.59238,130,9302,2,5,0.2153846153846154,1,0,0,0,0,0,0,0,1,0,0,0,0,0,0,0,-0.9749279121818236,-0.2225209339563146,0.4999999999999999,0.8660254037844387,0,0,1,0,1,0,0,1,0,90,45,45,43.119757527132535,-39.50664136622391,4.1603897658972855,1,under
500111003,25.05014,121.59238,130,9302,2,5,0.2153846153846154,1,0,0,0,0,0,0,0,1,0,0,0,0,0,0,0,-0.9749279121818236,-0.2225209339563146,0.4999999999999999,0.8660254037844387,0,0,1,1,0,0,0,1,0,90,15,45,39.8177348567545,-29.506641366223906,3.740887163610757,1,under
500111003,25.05014,121.59238,130,9302,2,5,0.2153846153846154,1,0,0,0,0,0,0,0,1,0,0,0,0,0,0,0,-0.9749279121818236,-0.2225209339563146,0.4999999999999999,0.8660254037844387,0,0,1,1,0,0,0,0,1,90,15,90,55.12312781173605,-44.5066413662239,5.685347518541509,1,under
500111013,25.05469,121.61669,130,9363,2,5,0.273972602739726,1,0,0,0,0,0,0,0,1,0,0,0,0,0,0,0,-0.9749279121818236,-0.2225209339563146,0.4999999999999999,0.8660254037844387,0,0,1,1,0,0,0,1,0,90,15,45,39.8177348567545,-29.506641366223906,3.740887163610757,1,under
500111013,25.05469,121.61669,130,9363,2,5,0.273972602739726,1,0,0,0,0,0,0,0,1,0,0,0,0,0,0,0,-0.9749279121818236,-0.2225209339563146,0.4999999999999999,0.8660254037844387,0,0,1,1,0,0,0,1,0,90,15,45,39.8177348567545,-29.506641366223906,3.740887163610757,1,under
500111013,25.05469,121.61669,130,9363,2,5,0.273972602739726,1,0,0,0,0,0,0,0,1,0,0,0,0,0,0,0,-0.9749279121818236,-0.2225209339563146,0.4999999999999999,0.8660254037844387,0,0,1,1,0,0,0,0,1,90,15,90,55.12312781173605,-44.5066413662239,5.685347518541509,1,under
500111013,25.05469,121.61669,130,9363,2,5,0.273972602739726,1,0,0,0,0,0,0,0,1,0,0,0,0,0,0,0,-0.9749279121818236,-0.2225209339563146,0.4999999999999999,0.8660254037844387,0,0,1,1,0,0,0,0,1,90,15,90,55.12312781173605,-44.5066413662239,5.685347518541509,1,under
500111019,25.05933,121.61677,130,662,0,5,0.1285714285714285,1,1,0,0,0,0,0,0,1,0,0,0,0,0,0,0,-0.9749279121818236,-0.2225209339563146,0.0,1.0,0,0,1,1,0,0,0,0,1,90,15,90,55.12312781173605,-44.5066413662239,5.685347518541509,1,under
500111019,25.05933,121.61677,130,662,0,5,0.1285714285714285,1,1,0,0,0,0,0,0,1,0,0,0,0,0,0,0,-0.9749279121818236,-0.2225209339563146,0.0,1.0,0,0,1,1,0,0,0,1,0,90,15,45,39.8177348567545,-29.506641366223906,3.740887163610757,1,under
500111019,25.05933,121.61677,130,662,0,5,0.1285714285714285,1,1,0,0,0,0,0,0,1,0,0,0,0,0,0,0,-0.9749279121818236,-0.2225209339563146,0.0,1.0,0,0,1,1,0,0,0,0,1,90,15,90,55.12312781173605,-44.5066413662239,5.685347518541509,1,under
500111019,25.05933,121.61677,130,662,0,5,0.1285714285714285,1,1,0,0,0,0,0,0,1,0,0,0,0,0,0,0,-0.9749279121818236,-0.2225209339563146,0.0,1.0,0,0,1,0,1,0,0,1,0,90,45,45,43.119757527132535,-39.50664136622391,4.1603897658972855,1,under
500112007,25.02668,121.56175,130,19742,5,5,0.203125,0,0,0,0,0,1,0,0,0,0,0,0,0,0,0,0,-0.9749279121818236,-0.2225209339563146,0.9659258262890684,0.2588190451025207,0,0,1,1,0,0,0,1,0,90,15,45,39.8177348567545,-29.506641366223906,3.740887163610757,1,under
500112007,25.02668,121.56175,130,19742,5,5,0.203125,0,0,0,0,0,1,0,0,0,0,0,0,0,0,0,0,-0.9749279121818236,-0.2225209339563146,0.9659258262890684,0.2588190451025207,0,0,1,1,0,0,0,1,0,90,15,45,39.8177348567545,-29.506641366223906,3.740887163610757,1,under
500112007,25.02668,121.56175,130,19742,5,5,0.203125,0,0,0,0,0,1,0,0,0,0,0,0,0,0,0,0,-0.9749279121818236,-0.2225209339563146,0.9659258262890684,0.2588190451025207,0,0,1,0,1,0,1,0,0,90,45,15,40.50401645246118,-29.506641366223906,3.8280752128882454,1,under
500112007,25.02668,121.56175,130,19742,5,5,0.203125,0,0,0,0,0,1,0,0,0,0,0,0,0,0,0,0,-0.9749279121818236,-0.2225209339563146,0.9659258262890684,0.2588190451025207,0,0,1,0,1,0,1,0,0,90,45,15,40.50401645246118,-29.506641366223906,3.8280752128882454,1,under
500112009,25.03162,121.57396,130,18302,5,5,0.3,0,0,0,0,0,1,0,0,0,0,0,0,0,0,0,0,-0.9749279121818236,-0.2225209339563146,0.9659258262890684,0.2588190451025207,0,0,1,1,0,0,0,1,0,90,15,45,39.8177348567545,-29.506641366223906,3.740887163610757,1,under
500112009,25.03162,121.57396,130,18302,5,5,0.3,0,0,0,0,0,1,0,0,0,0,0,0,0,0,0,0,-0.9749279121818236,-0.2225209339563146,0.9659258262890684,0.2588190451025207,0,0,1,1,0,0,0,1,0,90,15,45,39.8177348567545,-29.506641366223906,3.740887163610757,1,under
500112009,25.03162,121.57396,130,18302,5,5,0.3,0,0,0,0,0,1,0,0,0,0,0,0,0,0,0,0,-0.9749279121818236,-0.2225209339563146,0.9659258262890684,0.2588190451025207,0,0,1,0,1,0,1,0,0,90,45,15,40.50401645246118,-29.506641366223906,3.8280752128882454,1,under
500112009,25.03162,121.57396,130,18302,5,5,0.3,0,0,0,0,0,1,0,0,0,0,0,0,0,0,0,0,-0.9749279121818236,-0.2225209339563146,0.9659258262890684,0.2588190451025207,0,0,1,0,1,0,1,0,0,90,45,15,40.50401645246118,-29.506641366223906,3.8280752128882454,1,under
500112029,25.03801,121.56541,130,18781,5,5,0.0634920634920634,0,0,0,0,0,1,0,0,0,0,0,0,0,0,0,0,-0.9749279121818236,-0.2225209339563146,0.9659258262890684,0.2588190451025207,0,0,1,1,0,0,0,1,0,90,15,45,39.8177348567545,-29.506641366223906,3.740887163610757,1,under
500112029,25.03801,121.56541,130,18781,5,5,0.0634920634920634,0,0,0,0,0,1,0,0,0,0,0,0,0,0,0,0,-0.9749279121818236,-0.2225209339563146,0.9659258262890684,0.2588190451025207,0,0,1,1,0,0,0,1,0,90,15,45,39.8177348567545,-29.506641366223906,3.740887163610757,1,under
500112029,25.03801,121.56541,130,18781,5,5,0.0634920634920634,0,0,0,0,0,1,0,0,0,0,0,0,0,0,0,0,-0.9749279121818236,-0.2225209339563146,0.9659258262890684,0.2588190451025207,0,0,1,1,0,0,0,1,0,90,15,45,39.8177348567545,-29.506641366223906,3.740887163610757,1,under
500112029,25.03801,121.56541,130,18781,5,5,0.0634920634920634,0,0,0,0,0,1,0,0,0,0,0,0,0,0,0,0,-0.9749279121818236,-0.2225209339563146,0.9659258262890684,0.2588190451025207,0,0,1,0,1,0,1,0,0,90,45,15,40.50401645246118,-29.506641366223906,3.8280752128882454,1,under
500112043,25.0401,121.56822,130,18601,5,5,0.2769230769230769,0,0,0,0,0,1,0,0,0,0,0,0,0,0,0,0,-0.9749279121818236,-0.2225209339563146,0.9659258262890684,0.2588190451025207,0,0,1,1,0,0,0,1,0,90,15,45,39.8177348567545,-29.506641366223906,3.740887163610757,1,under
500112043,25.0401,121.56822,130,18601,5,5,0.2769230769230769,0,0,0,0,0,1,0,0,0,0,0,0,0,0,0,0,-0.9749279121818236,-0.2225209339563146,0.9659258262890684,0.2588190451025207,0,0,1,1,0,0,0,1,0,90,15,45,39.8177348567545,-29.506641366223906,3.740887163610757,1,under
500112043,25.0401,121.56822,130,18601,5,5,0.2769230769230769,0,0,0,0,0,1,0,0,0,0,0,0,0,0,0,0,-0.9749279121818236,-0.2225209339563146,0.9659258262890684,0.2588190451025207,0,0,1,0,1,0,1,0,0,90,45,15,40.50401645246118,-29.506641366223906,3.8280752128882454,1,under
500112043,25.0401,121.56822,130,18601,5,5,0.2769230769230769,0,0,0,0,0,1,0,0,0,0,0,0,0,0,0,0,-0.9749279121818236,-0.2225209339563146,0.9659258262890684,0.2588190451025207,0,0,1,1,0,0,0,1,0,90,15,45,39.8177348567545,-29.506641366223906,3.740887163610757,1,under
500112049,25.0489,121.57841,130,19203,5,5,0.1428571428571428,0,0,0,0,0,1,0,0,0,0,0,0,0,0,0,0,-0.9749279121818236,-0.2225209339563146,0.9659258262890684,0.2588190451025207,0,0,1,1,0,0,0,1,0,90,15,45,39.8177348567545,-29.506641366223906,3.740887163610757,1,under
500112049,25.0489,121.57841,130,19203,5,5,0.1428571428571428,0,0,0,0,0,1,0,0,0,0,0,0,0,0,0,0,-0.9749279121818236,-0.2225209339563146,0.9659258262890684,0.2588190451025207,0,0,1,0,1,0,0,1,0,90,45,45,43.119757527132535,-39.50664136622391,4.1603897658972855,1,under
500112049,25.0489,121.57841,130,19203,5,5,0.1428571428571428,0,0,0,0,0,1,0,0,0,0,0,0,0,0,0,0,-0.9749279121818236,-0.2225209339563146,0.9659258262890684,0.2588190451025207,0,0,1,1,0,0,0,0,1,90,15,90,55.12312781173605,-44.5066413662239,5.685347518541509,1,under
500112049,25.0489,121.57841,130,19203,5,5,0.1428571428571428,0,0,0,0,0,1,0,0,0,0,0,0,0,0,0,0,-0.9749279121818236,-0.2225209339563146,0.9659258262890684,0.2588190451025207,0,0,1,1,0,0,0,1,0,90,15,45,39.8177348567545,-29.506641366223906,3.740887163610757,1,under
500112081,25.03656,121.56866,130,18063,5,5,0.0166666666666666,0,0,0,0,0,1,0,0,0,0,0,0,0,0,0,0,-0.9749279121818236,-0.2225209339563146,0.9659258262890684,0.2588190451025207,0,0,1,1,0,0,0,1,0,90,15,45,39.8177348567545,-29.506641366223906,3.740887163610757,1,under
500112081,25.03656,121.56866,130,18063,5,5,0.0166666666666666,0,0,0,0,0,1,0,0,0,0,0,0,0,0,0,0,-0.9749279121818236,-0.2225209339563146,0.9659258262890684,0.2588190451025207,0,0,1,0,1,0,1,0,0,90,45,15,40.50401645246118,-29.506641366223906,3.8280752128882454,1,under
500112081,25.03656,121.56866,130,18063,5,5,0.0166666666666666,0,0,0,0,0,1,0,0,0,0,0,0,0,0,0,0,-0.9749279121818236,-0.2225209339563146,0.9659258262890684,0.2588190451025207,0,0,1,1,0,0,0,1,0,90,15,45,39.8177348567545,-29.506641366223906,3.740887163610757,1,under
500112081,25.03656,121.56866,130,18063,5,5,0.0166666666666666,0,0,0,0,0,1,0,0,0,0,0,0,0,0,0,0,-0.9749279121818236,-0.2225209339563146,0.9659258262890684,0.2588190451025207,0,0,1,1,0,0,1,0,0,90,15,15,36.969093425527014,-19.506641366223906,3.3789839870815843,1,under
500112082,25.03404,121.56598,130,22335,6,5,0.0,0,0,0,0,0,1,0,0,0,0,0,0,0,0,0,0,-0.9749279121818236,-0.2225209339563146,1.0,6.123233995736766e-17,0,0,1,1,0,0,0,0,1,90,15,90,55.12312781173605,-44.5066413662239,5.685347518541509,1,under
500112082,25.03404,121.56598,130,22335,6,5,0.0,0,0,0,0,0,1,0,0,0,0,0,0,0,0,0,0,-0.9749279121818236,-0.2225209339563146,1.0,6.123233995736766e-17,0,0,1,1,0,0,0,1,0,90,15,45,39.8177348567545,-29.506641366223906,3.740887163610757,1,under
500112082,25.03404,121.56598,130,22335,6,5,0.0,0,0,0,0,0,1,0,0,0,0,0,0,0,0,0,0,-0.9749279121818236,-0.2225209339563146,1.0,6.123233995736766e-17,0,0,1,0,1,0,1,0,0,90,45,15,40.50401645246118,-29.506641366223906,3.8280752128882454,1,under
500112082,25.03404,121.56598,130,22335,6,5,0.0,0,0,0,0,0,1,0,0,0,0,0,0,0,0,0,0,-0.9749279121818236,-0.2225209339563146,1.0,6.123233995736766e-17,0,0,1,0,1,0,1,0,0,90,45,15,40.50401645246118,-29.506641366223906,3.8280752128882454,1,under
500112085,25.04084,121.56789,130,18004,5,5,0.217391304347826,1,0,0,0,0,1,0,0,0,0,0,0,0,0,0,0,-0.9749279121818236,-0.2225209339563146,0.9659258262890684,0.2588190451025207,0,0,1,1,0,0,0,0,1,90,15,90,55.12312781173605,-44.5066413662239,5.685347518541509,1,under
500112085,25.04084,121.56789,130,18004,5,5,0.217391304347826,1,0,0,0,0,1,0,0,0,0,0,0,0,0,0,0,-0.9749279121818236,-0.2225209339563146,0.9659258262890684,0.2588190451025207,0,0,1,1,0,0,0,0,1,90,15,90,55.12312781173605,-44.5066413662239,5.685347518541509,1,under
500112085,25.04084,121.56789,130,18004,5,5,0.217391304347826,1,0,0,0,0,1,0,0,0,0,0,0,0,0,0,0,-0.9749279121818236,-0.2225209339563146,0.9659258262890684,0.2588190451025207,0,0,1,0,1,0,0,1,0,90,45,45,43.119757527132535,-39.50664136622391,4.1603897658972855,1,under
500112085,25.04084,121.56789,130,18004,5,5,0.217391304347826,1,0,0,0,0,1,0,0,0,0,0,0,0,0,0,0,-0.9749279121818236,-0.2225209339563146,0.9659258262890684,0.2588190451025207,0,0,1,1,0,0,0,0,1,90,15,90,55.12312781173605,-44.5066413662239,5.685347518541509,1,under
500113034,25.04662,121.50717,130,18601,5,5,0.4264705882352941,0,0,0,0,0,0,0,0,0,0,0,0,0,0,0,1,-0.9749279121818236,-0.2225209339563146,0.9659258262890684,0.2588190451025207,0,0,1,1,0,0,0,1,0,90,15,45,39.8177348567545,-29.506641366223906,3.740887163610757,1,under
500113034,25.04662,121.50717,130,18601,5,5,0.4264705882352941,0,0,0,0,0,0,0,0,0,0,0,0,0,0,0,1,-0.9749279121818236,-0.2225209339563146,0.9659258262890684,0.2588190451025207,0,0,1,1,0,0,0,1,0,90,15,45,39.8177348567545,-29.506641366223906,3.740887163610757,1,under
500113034,25.04662,121.50717,130,18601,5,5,0.4264705882352941,0,0,0,0,0,0,0,0,0,0,0,0,0,0,0,1,-0.9749279121818236,-0.2225209339563146,0.9659258262890684,0.2588190451025207,0,0,1,1,0,0,0,1,0,90,15,45,39.8177348567545,-29.506641366223906,3.740887163610757,1,under
500113034,25.04662,121.50717,130,18601,5,5,0.4264705882352941,0,0,0,0,0,0,0,0,0,0,0,0,0,0,0,1,-0.9749279121818236,-0.2225209339563146,0.9659258262890684,0.2588190451025207,0,0,1,1,0,0,0,0,1,90,15,90,55.12312781173605,-44.5066413662239,5.685347518541509,1,under
500113038,25.04099,121.50769,130,14881,4,5,0.2758620689655172,0,0,0,0,0,0,0,0,0,0,0,0,0,0,0,1,-0.9749279121818236,-0.2225209339563146,0.8660254037844386,0.5000000000000001,0,0,1,1,0,0,0,0,1,90,15,90,55.12312781173605,-44.5066413662239,5.685347518541509,1,under
500113038,25.04099,121.50769,130,14881,4,5,0.2758620689655172,0,0,0,0,0,0,0,0,0,0,0,0,0,0,0,1,-0.9749279121818236,-0.2225209339563146,0.8660254037844386,0.5000000000000001,0,0,1,0,1,0,0,1,0,90,45,45,43.119757527132535,-39.50664136622391,4.1603897658972855,1,under
500113038,25.04099,121.50769,130,14881,4,5,0.2758620689655172,0,0,0,0,0,0,0,0,0,0,0,0,0,0,0,1,-0.9749279121818236,-0.2225209339563146,0.8660254037844386,0.5000000000000001,0,0,1,1,0,0,0,0,1,90,15,90,55.12312781173605,-44.5066413662239,5.685347518541509,1,under
500113038,25.04099,121.50769,130,14881,4,5,0.2758620689655172,0,0,0,0,0,0,0,0,0,0,0,0,0,0,0,1,-0.9749279121818236,-0.2225209339563146,0.8660254037844386,0.5000000000000001,0,0,1,1,0,0,0,0,1,90,15,90,55.12312781173605,-44.5066413662239,5.685347518541509,1,under
500113068,25.03548,121.50026,130,18302,5,5,0.03125,1,0,0,0,0,0,0,0,0,0,0,0,0,0,0,1,-0.9749279121818236,-0.2225209339563146,0.9659258262890684,0.2588190451025207,0,0,1,1,0,0,0,0,1,90,15,90,55.12312781173605,-44.5066413662239,5.685347518541509,1,under
500113068,25.03548,121.50026,130,18302,5,5,0.03125,1,0,0,0,0,0,0,0,0,0,0,0,0,0,0,1,-0.9749279121818236,-0.2225209339563146,0.9659258262890684,0.2588190451025207,0,0,1,0,1,0,1,0,0,90,45,15,40.50401645246118,-29.506641366223906,3.8280752128882454,1,under
500113068,25.03548,121.50026,130,18302,5,5,0.03125,1,0,0,0,0,0,0,0,0,0,0,0,0,0,0,1,-0.9749279121818236,-0.2225209339563146,0.9659258262890684,0.2588190451025207,0,0,1,1,0,0,0,1,0,90,15,45,39.8177348567545,-29.506641366223906,3.740887163610757,1,under
500113068,25.03548,121.50026,130,18302,5,5,0.03125,1,0,0,0,0,0,0,0,0,0,0,0,0,0,0,1,-0.9749279121818236,-0.2225209339563146,0.9659258262890684,0.2588190451025207,0,0,1,0,1,0,1,0,0,90,45,15,40.50401645246118,-29.506641366223906,3.8280752128882454,1,under
500119006,25.01466,121.52917,130,13382,3,5,0.358695652173913,0,0,0,0,0,0,0,0,0,0,0,0,0,0,1,0,-0.9749279121818236,-0.2225209339563146,0.7071067811865476,0.7071067811865476,0,0,1,0,1,0,0,1,0,90,45,45,43.119757527132535,-39.50664136622391,4.1603897658972855,1,under
500119006,25.01466,121.52917,130,13382,3,5,0.358695652173913,0,0,0,0,0,0,0,0,0,0,0,0,0,0,1,0,-0.9749279121818236,-0.2225209339563146,0.7071067811865476,0.7071067811865476,0,0,1,1,0,0,0,0,1,90,15,90,55.12312781173605,-44.5066413662239,5.685347518541509,1,under
500119006,25.01466,121.52917,130,13382,3,5,0.358695652173913,0,0,0,0,0,0,0,0,0,0,0,0,0,0,1,0,-0.9749279121818236,-0.2225209339563146,0.7071067811865476,0.7071067811865476,0,0,1,0,1,0,0,1,0,90,45,45,43.119757527132535,-39.50664136622391,4.1603897658972855,1,under
500119006,25.01466,121.52917,130,13382,3,5,0.358695652173913,0,0,0,0,0,0,0,0,0,0,0,0,0,0,1,0,-0.9749279121818236,-0.2225209339563146,0.7071067811865476,0.7071067811865476,0,0,1,1,0,0,0,0,1,90,15,90,55.12312781173605,-44.5066413662239,5.685347518541509,1,under
500119049,25.01981,121.53903,130,16457,4,5,0.0303030303030303,0,0,0,0,0,0,0,0,0,0,0,0,0,0,1,0,-0.9749279121818236,-0.2225209339563146,0.8660254037844386,0.5000000000000001,0,0,1,1,0,0,0,0,1,90,15,90,55.12312781173605,-44.5066413662239,5.685347518541509,1,under
500119049,25.01981,121.53903,130,16457,4,5,0.0303030303030303,0,0,0,0,0,0,0,0,0,0,0,0,0,0,1,0,-0.9749279121818236,-0.2225209339563146,0.8660254037844386,0.5000000000000001,0,0,1,1,0,0,0,0,1,90,15,90,55.12312781173605,-44.5066413662239,5.685347518541509,1,under
500119049,25.01981,121.53903,130,16457,4,5,0.0303030303030303,0,0,0,0,0,0,0,0,0,0,0,0,0,0,1,0,-0.9749279121818236,-0.2225209339563146,0.8660254037844386,0.5000000000000001,0,0,1,1,0,0,0,0,1,90,15,90,55.12312781173605,-44.5066413662239,5.685347518541509,1,under
500119049,25.01981,121.53903,130,16457,4,5,0.0303030303030303,0,0,0,0,0,0,0,0,0,0,0,0,0,0,1,0,-0.9749279121818236,-0.2225209339563146,0.8660254037844386,0.5000000000000001,0,0,1,0,1,0,1,0,0,90,45,15,40.50401645246118,-29.506641366223906,3.8280752128882454,1,under
500119059,25.01595,121.53791,130,13575,3,5,0.0588235294117647,0,0,0,0,0,0,0,0,0,0,0,0,0,0,1,0,-0.9749279121818236,-0.2225209339563146,0.7071067811865476,0.7071067811865476,0,0,1,1,0,0,0,0,1,90,15,90,55.12312781173605,-44.5066413662239,5.685347518541509,1,under
500119059,25.01595,121.53791,130,13575,3,5,0.0588235294117647,0,0,0,0,0,0,0,0,0,0,0,0,0,0,1,0,-0.9749279121818236,-0.2225209339563146,0.7071067811865476,0.7071067811865476,0,0,1,1,0,0,0,0,1,90,15,90,55.12312781173605,-44.5066413662239,5.685347518541509,1,under
500119059,25.01595,121.53791,130,13575,3,5,0.0588235294117647,0,0,0,0,0,0,0,0,0,0,0,0,0,0,1,0,-0.9749279121818236,-0.2225209339563146,0.7071067811865476,0.7071067811865476,0,0,1,1,0,0,0,0,1,90,15,90,55.12312781173605,-44.5066413662239,5.685347518541509,1,under
500119059,25.01595,121.53791,130,13575,3,5,0.0588235294117647,0,0,0,0,0,0,0,0,0,0,0,0,0,0,1,0,-0.9749279121818236,-0.2225209339563146,0.7071067811865476,0.7071067811865476,0,0,1,1,0,0,0,0,1,90,15,90,55.12312781173605,-44.5066413662239,5.685347518541509,1,under
500119068,25.01987,121.54175,130,16995,4,5,0.0303030303030303,0,0,0,0,0,0,0,0,0,0,0,0,0,0,1,0,-0.9749279121818236,-0.2225209339563146,0.8660254037844386,0.5000000000000001,0,0,1,1,0,0,0,0,1,90,15,90,55.12312781173605,-44.5066413662239,5.685347518541509,1,under
500119068,25.01987,121.54175,130,16995,4,5,0.0303030303030303,0,0,0,0,0,0,0,0,0,0,0,0,0,0,1,0,-0.9749279121818236,-0.2225209339563146,0.8660254037844386,0.5000000000000001,0,0,1,1,0,0,0,1,0,90,15,45,39.8177348567545,-29.506641366223906,3.740887163610757,1,under
500119068,25.01987,121.54175,130,16995,4,5,0.0303030303030303,0,0,0,0,0,0,0,0,0,0,0,0,0,0,1,0,-0.9749279121818236,-0.2225209339563146,0.8660254037844386,0.5000000000000001,0,0,1,1,0,0,0,1,0,90,15,45,39.8177348567545,-29.506641366223906,3.740887163610757,1,under
500119068,25.01987,121.54175,130,16995,4,5,0.0303030303030303,0,0,0,0,0,0,0,0,0,0,0,0,0,0,1,0,-0.9749279121818236,-0.2225209339563146,0.8660254037844386,0.5000000000000001,0,0,1,1,0,0,1,0,0,90,15,15,36.969093425527014,-19.506641366223906,3.3789839870815843,1,under
500119096,25.01547,121.52892,130,5342,1,5,0.1717171717171717,0,0,0,0,0,0,0,0,0,0,0,0,0,0,1,0,-0.9749279121818236,-0.2225209339563146,0.2588190451025207,0.9659258262890684,0,0,1,1,0,0,0,0,1,90,15,90,55.12312781173605,-44.5066413662239,5.685347518541509,1,under
500119096,25.01547,121.52892,130,5342,1,5,0.1717171717171717,0,0,0,0,0,0,0,0,0,0,0,0,0,0,1,0,-0.9749279121818236,-0.2225209339563146,0.2588190451025207,0.9659258262890684,0,0,1,0,1,0,0,0,1,90,45,90,57.553633246085255,-54.5066413662239,5.99412897050662,1,under
500119096,25.01547,121.52892,130,5342,1,5,0.1717171717171717,0,0,0,0,0,0,0,0,0,0,0,0,0,0,1,0,-0.9749279121818236,-0.2225209339563146,0.2588190451025207,0.9659258262890684,0,0,1,0,1,0,0,0,1,90,45,90,57.553633246085255,-54.5066413662239,5.99412897050662,1,under
500119096,25.01547,121.52892,130,5342,1,5,0.1717171717171717,0,0,0,0,0,0,0,0,0,0,0,0,0,0,1,0,-0.9749279121818236,-0.2225209339563146,0.2588190451025207,0.9659258262890684,0,0,1,1,0,0,0,0,1,90,15,90,55.12312781173605,-44.5066413662239,5.685347518541509,1,under
500119097,25.0182,121.53476,129,84004,23,4,0.6268656716417911,0,0,0,0,0,0,0,0,0,0,0,0,0,0,1,0,-0.433883739117558,-0.9009688679024191,-0.2588190451025215,0.965925826289068,0,0,1,0,1,0,1,0,0,90,45,15,40.50401645246118,-29.506641366223906,3.8280752128882454,1,under
500119097,25.0182,121.53476,129,84004,23,4,0.6268656716417911,0,0,0,0,0,0,0,0,0,0,0,0,0,0,1,0,-0.433883739117558,-0.9009688679024191,-0.2588190451025215,0.965925826289068,0,0,1,0,1,0,1,0,0,90,45,15,40.50401645246118,-29.506641366223906,3.8280752128882454,1,under
500119097,25.0182,121.53476,129,84004,23,4,0.6268656716417911,0,0,0,0,0,0,0,0,0,0,0,0,0,0,1,0,-0.433883739117558,-0.9009688679024191,-0.2588190451025215,0.965925826289068,0,0,1,1,0,0,0,1,0,90,15,45,39.8177348567545,-29.506641366223906,3.740887163610757,1,under
500119097,25.0182,121.53476,129,84004,23,4,0.6268656716417911,0,0,0,0,0,0,0,0,0,0,0,0,0,0,1,0,-0.433883739117558,-0.9009688679024191,-0.2588190451025215,0.965925826289068,0,0,1,1,0,0,0,1,0,90,15,45,39.8177348567545,-29.506641366223906,3.740887163610757,1,under
